trip_id,route_id,service_id,trip_headsign,trip_short_name,direction_id,shape_id,card_code,active
2612,11,,C Belgno-H.L-Unc,NULL,1,2612,132,True
2454,12,,A Mun-Berm.Ctro,NULL,0,2454,150,True
2669,12,,A Mun-Berm.Ctro,NULL,1,2669,151,True
2670,12,,A Mun-Berm.Ctro,NULL,0,2670,151,True
2457,12,,B Mn-Esc-Berm-Gob,NULL,1,2457,152,True
2971,72,,Mendoza Maipu,MENDOZA MAIPU,1,2971,170,True
2256,1,,A-Blanc.Enc.Sp/Gv,014 - Blanco Encalada - Saenz Peña / Guardia Vieja ,1,2256,140,True
2257,1,,A-Blanc Enc.Sp/Gv,014 - Blanco Encalada por Saenz Peña-Guardia Vieja,0,2257,140,True
2258,1,,A-Bco.Enc.Sp/Gv,014 - Blanco Encalada - Guardia Vieja / Saenz Peña,1,2258,141,True
2259,1,,A-Bco.Enc.Sp/Gv,014A - Blanco Encalada - Guardia Vieja / Saenz Peña ,0,2259,141,True
3095,1,,A-Bco.Enc.Sp/Gv,014A - Blanco Encalada por Saenz Peña,1,3095,142,True
3096,1,,A-Bco.Enc.Sp/Gv,014A - Blanco Encalada por Saenz Peña,0,3096,142,True
3165,1,,B-Bco Enc Pan.,014B - Escolar Blanco Encalada de las 06:08 hs,1,3165,143,True
3174,1,,B-Bco Enc Pan.,014 - Escolar Blanco Encalada de las 17:00 hs,1,3174,143,True
2269,1,,C-Bcoen-Pan-Sol,014C - Escolar Blanco Encalada de las 07:25 hs,1,2269,144,True
2270,1,,C-Bcoen-Pan-Sol,014C- Escolar Blanco Encalada de las 07:25 hs,0,2270,144,True
2271,1,,C-Bcoen-Pan-Sol,014C - Escolar Blanco Encalada de las 06:55 hs,1,2271,145,True
2272,1,,C-Bcoen-Pan-Sol,014C- Escolar Blanco Encalada de las 06:55 hs,0,2272,145,False
3180,1,,D-Bcoenc-Pan-Nat,014D - Escolar Blanco Encalada de las 07:15 hs,1,3180,146,False
3181,1,,D-Bcoenc-Pan-Nat,014D - Escolar Blanco Encalada de las 07:15 hs,0,3181,146,False
2282,1,,E-Bcoenc-Pan-Loc.,014E - Escolar Blanco Encalada de las 08:10 hs,1,2282,147,True
2283,1,,E-Bcoenc-Pan-Loc.,014E - Escolar Blanco Encalada de las 08:10 hs,0,2283,147,True
2284,1,,E-Bcoenc-Pan-Loc.,014E- Escolar Blanco Encalada de las 12:20 hs,1,2284,148,False
2285,1,,E-Bcoenc-Pan-Loc.,014E - Escolar Blanco Encalada de las 12:20 hs,0,2285,148,False
3182,1,,E-Bcoenc-Pan-Loc.,014E - Escolar Blanco Encalada de las 12:30 hs,1,3182,149,False
3183,1,,E-Bcoenc-Pan-Loc.,014E - Escolar Blanco Encalada de las 12:30 hs,0,3183,149,False
2290,1,,F-Bcoenc/Pan/Loc.,014F - Escolar Blanco Encalada de las 18:25 hs,1,2290,150,True
2291,1,,F-Bcoenc/Pan/Loc.,014F - Escolar Blanco Encalada de las 18:25 hs,0,2291,150,True
2326,1,,F-Bcoenc/Pan/Loc.,014F- Lujan - Blanco Encalada x Panamericana,1,2326,169,True
2327,1,,F-Bcoenc/Pan/Loc.,014F - Blanco Encalada por Panamericana - Lujan,0,2327,169,True
3166,1,,B-Bco Enc Pan.,014B - Escolar Blanco Encalada de las 06:08 hs,0,3166,500,True
3175,1,,B-Bco Enc Pan.,014B - Escolar Blanco Encalada de las 17:00 hs,0,3175,500,True
3169,1,,B-Bco Enc Pan.,014B - Escolar Blanco Encalda de las 11:40 hs,1,3169,501,True
3170,1,,B-Bco Enc Pan.,014B - Escolar Blanco Encalada de las 11:40 hs,0,3170,501,True
2273,1,,C-Bcoen-Pan-Sol,014C - Escolar Blanco Encalada de las 13:00 hs,1,2273,502,False
3176,1,,C-Bcoen-Pan-Sol,014C - Escolar Blanco Encalada de las 13:00 hs,0,3176,502,False
2278,1,,D-Bcoenc-Pan-Nat,014D - Escolar Blanco Encalada de las 17:50 hs,1,2278,503,False
3179,1,,D-Bcoenc-Pan-Nat,014D - Escolar Blanco Encalada de las 17:50 hs,0,3179,503,False
3177,1,,D-Bcoenc-Pan-Nat,014D - Escolar Blanco Encalada de las 16:25 hs,1,3177,504,True
3178,1,,D-Bcoenc-Pan-Nat,014D - Escolar Blanco Encalada de las 16:25 hs,0,3178,504,False
3186,1,,F-Bcoenc/Pan/Loc.,014F - Escolar Blanco Encalada de las 17:40 hs,1,3186,505,False
3187,1,,F-Bcoenc/Pan/Loc.,014F - Escolar Blanco Encalada de las 17:40 hs,0,3187,505,False
2293,2,,B.Cast.-Ch.-Ctro,015 - B. Los Castaños - Chacras de Coria - Centro por Cervantes,1,2293,151,True
2294,2,,B.Cast.-Ch.-Ctro,015 - Centro - Chacras - B. Los Castaños por Cervantes,0,2294,151,True
2295,2,,B.Cast.-Ch.-Ctro,015 - B. Los Castaños - Chacras de Coria - Centro por Cervantes,1,2295,152,True
3050,2,,B.Cast.-Ch.-Ctro,015 - Centro - Chacras de Coria - B  Los Castaños,0,3050,152,True
2298,2,,B.Cast.-Ch.-Ctro,015 - Centro - Chacras - B  Los Castaños por Cervantes,0,2298,153,True
3058,2,,B.Cast.-Ch.-Ctro,015 - B  Los Castaños - Cementerio Parque Jardin Mendoza - Centro,1,3058,153,True
2299,3,,A-L.Ch.S El.Smsur,016 - Lujan - Chacras de Coria por San Martín Sur - Centro,1,2299,161,True
2300,3,,A-L.Ch.S El.Smsur,016 - Centro - Chacras por San Martin Sur - Lujan,0,2300,161,True
2301,3,,A-L.Ch.S El.Smsur,016 - Lujan - Chacras - Centro por Santa Elena,1,2301,162,True
2302,3,,A-L.Ch.S El.Smsur,016 - Centro - Chacras de Coria por Santa Elena - Lujan,0,2302,162,True
2303,3,,Es -Esc.S.Elena,016 - Escolar Santa Elena de las 07:15 hs,1,2303,163,True
2304,3,,Es -Esc.S.Elena,016 - Escolar Santa Elena de las 07:15 hs,0,2304,163,True
2312,3,,Es -Esc.S.Elena,016 - Escolar Santa Elena de las 12:20 hs,1,2312,164,False
2313,3,,Es -Esc.S.Elena,016 - Escolar Santa Elena de las 12:20,0,2313,164,False
2320,3,,Es -Esc.S.Elena,016 - Escolar Santa Elena de las 17:40 hs,1,2320,165,False
2321,3,,Es -Esc.S.Elena,016 - Escolar Santa Elena de las 17:40 hs,0,2321,165,False
2322,3,,B-L.Unc.S.El.,016 - Santa Elena - Chacras Universidades,1,2322,167,True
2323,3,,B-L.Unc.S.El.,016 - Universidades - Chacras - Lujan,0,2323,167,True
2324,3,,B-L.Unc.S.El.,016 - Lujan - Universidades,1,2324,168,True
2325,3,,B-L.Unc.S.El.,016 - Universidades - Chacras - S. Elena - Lujan,0,2325,168,True
2328,4,,B.Aler-Luj-Maipu,017 - Carrodilla - B. Los Alerces - Lujan,1,2328,171,True
2329,4,,B.Aler-Luj-Maipu,017 - Lujan - B  Los Alerces - Carrodilla,0,2329,171,True
2333,4,,B.Aler-Luj-Maipu,017 - Lujan - Cementerio Lujan - B. Los Alerces,1,2333,172,True
2334,4,,B.Aler-Luj-Maipu,017 - Lujan - B. Los Alerces,0,2334,172,True
2338,4,,B.Aler-Luj-Maipu,017-Lujan - Maipu,1,2338,173,True
2339,4,,B.Aler-Luj-Maipu,017-Maipu - Lujan,0,2339,173,True
2336,5,,Exp. Roca C.Gob.,018 - Expreso Roca - Casa de Gobierno,0,2336,181,True
3032,5,,Exp. Roca C.Gob,018 - Expreso Roca por Casa de Gobierno,1,3032,181,True
2337,5,,Exp. Roca Cgob.,018 - Expreso Roca,1,2337,182,True
3036,5,,Exp. Roca C.Gob.,018-Expreso Roca,0,3036,182,True
2340,6,,A-Luj.Ctro.Drumm.,019 - Lujan - Mendoza por Drummond - B. 27 de Abril,1,2340,189,True
2341,6,,A-Luj.Ctro.Drumm.,019 - Centro - Lujan por Drummond - B. 27 de Abril,0,2341,189,True
2342,6,,B-Lj.Huen.Ctro.Lb,019 - Lujan - Mendoza por Av. Libertad - B. Las Parras,1,2342,190,True
2343,6,,B-Lj.Huen.Ctro.Lb,019 - Centro - Lujan por Av. Libertad - B. Las Parras,0,2343,190,True
2345,6,,B-Lj.Huen.Ctro.Lb,019 - Lujan - Centro por Av. Libertad,1,2345,191,True
2346,6,,B-Lj.Huen.Ctro.Lb,019 - Centro - Lujan por Av. Libertad,0,2346,191,True
2347,6,,B-Lj.Huen.Ctro.Lb,019 - Luján - Centro por Av. Libertad - B. Huentota,1,2347,192,True
2348,6,,B-Lj.Huen.Ctro.Lb,019 - Centro - Lujan por Av. Libertad,0,2348,192,True
2349,6,,C-Lj.Ctro.Hue.Smt,019 - Lujan - Centro por Av. Libertad,1,2349,193,True
2350,6,,C-Lj.Ctro.Hue.Smt,019 - Centro - B. Huentota - Lujan por Av. Libertad,0,2350,193,True
2351,6,,A-Luj.Ctro.Drumm.,019 - Lujan - Centro por Drummond,1,2351,194,True
2352,6,,A-Luj.Ctro.Drumm.,019 - Centro - Lujan por Drummond,0,2352,194,True
2353,6,,Ex-Exp.Xs.Mt/Drm,019 - Expreso Drummond,1,2353,195,True
2354,6,,Ex-Exp.Xs.Mt/Drm,019 - Expreso por Drummond,0,2354,195,True
2355,6,,C-Lj.Ctro.Hue.Smt,019 - Lujan - Mendoza por San Martin,1,2355,196,True
2356,6,,C-Lj.Ctro.Hue.Smt,019 - Centro - Lujan por San Martin,0,2356,196,True
2357,6,,Ex-Exp.Xs.Mt/Drm,019 - Expreso por San Martin,1,2357,197,True
2358,6,,Ex-Exp.Xs.Mt/Drm,019 - Expreso por San Martin,0,2358,197,True
2359,6,,A-Luj.Ctro.Drumm.,019 - Lujan - PIP - Centro,1,2359,198,True
2360,6,,A-Luj.Ctro.Drumm.,019 - Centro - Lujan por San Martin,0,2360,198,True
2361,6,,C-Lj.Ctro.Hue.Smt,019 - Lujan Centro por San Martin,1,2361,199,True
2362,6,,C-Lj.Ctro.Hue.Smt,019 - Centro - Lujan - PIP,0,2362,199,True
2207,7,,Estanzuela Cntro,032-ESTANZUELA CNTRO,1,2207,121,True
2208,7,,Estanzuela,NULL,0,2208,121,True
2563,7,,Bes.Xpaso.S/C.Gob,032BES.XPASO.S/C.GOB,1,2563,122,True
2564,7,,32Est.G.Cruz,NULL,0,2564,122,True
2209,8,,Godoy Cruz,NULL,0,2209,131,True
2210,8,,Las Heras,NULL,1,2210,131,True
2868,9,,B S.Ana-Shop-Pque,NULL,0,2868,191,True
2363,9,,A S.Ana-Pque,SANTA ANA - PARQUE SAN MARTIN,1,2363,111,True
2364,9,,A S.Ana-Pque,NULL,0,2364,111,True
2366,9,,A S.Ana-Pque,NULL,1,2366,112,True
2554,9,,A S.Ana-Pque,NULL,0,2554,112,True
2380,9,,A S.Ana-Pque,NULL,0,2380,113,True
2560,9,,A S.Ana-Pque,NULL,1,2560,113,True
2867,9,,B S.Ana-Shop-Pque,NULL,1,2867,191,True
2865,9,,B S.Ana-Shop-Pque,NULL,1,2865,192,True
2866,9,,B S.Ana-Shop-Pque,NULL,0,2866,192,True
2381,10,,A Mun-Slnzo-C.Gob,NULL,1,2381,114,True
2382,10,,A Mun-Slnzo-C.Gob,NULL,0,2382,114,True
2571,10,,A Mun-Slnzo-C.Gob,NULL,1,2571,115,True
2573,10,,A Mun-Slnzo-C.Gob,NULL,0,2573,115,True
2576,10,,A Mun-Slnzo-C.Gob,NULL,1,2576,116,True
2577,10,,A Mun-Slnzo-C.Gob,NULL,0,2577,116,True
2578,10,,B Mun-S.Lnzo-Mun,NULL,1,2578,117,True
2579,10,,B Mun-S.Lnzo-Mun,NULL,0,2579,117,True
2580,10,,B Mun-S.Lnzo-Mun,NULL,1,2580,118,True
2581,10,,B Mun-S.Lnzo-Mun,NULL,0,2581,118,True
2582,10,,B Mun-S.Lnzo-Mun,NULL,1,2582,119,True
2583,10,,B Mun-S.Lnzo-Mun,NULL,0,2583,119,True
2584,10,,C S.Lnzo-H.L-Unc,NULL,1,2584,120,True
2585,10,,C S.Lnzo-H.L-Unc,NULL,0,2585,120,True
2395,10,,C S.Lnzo-H.L-Unc,NULL,1,2395,121,True
2396,10,,C S.Lnzo-H.L-Unc,NULL,0,2396,121,True
2587,10,,C S.Lnzo-H.L-Unc,NULL,1,2587,122,True
2815,10,,C S.Lnzo-H.L-Unc,NULL,0,2815,122,True
2400,10,,D S.Lnzo-Unc-Lic,NULL,0,2400,123,True
2609,10,,D S.Lnzo-Unc-Lic,NULL,1,2609,123,True
2642,11,,D Bel-H.L-Unc-Lic,NULL,1,2642,133,True
2589,11,,A Mun-Belgr-C.Gob,NULL,1,2589,124,True
2590,11,,A Mun-Belgr-C.Gob,NULL,0,2590,124,True
2403,11,,A Mun-Belgr-C.Gob,NULL,1,2403,125,True
2591,11,,A Mun-Belgr-C.Gob,NULL,0,2591,125,True
2592,11,,A Mun-Belgr-C.Gob,NULL,1,2592,126,True
2593,11,,A Mun-Belgr-C.Gob,NULL,0,2593,126,True
2408,11,,B Mun-Belgrano,NULL,0,2408,127,True
2588,11,,B Mun-Belgrano,NULL,1,2588,127,True
2594,11,,B Mun-Belgrano,NULL,1,2594,128,True
2595,11,,B Mun-Belgrano,NULL,0,2595,128,True
2596,11,,B Mun-Belgrano,NULL,1,2596,129,True
2597,11,,B Mun-Belgrano,NULL,0,2597,129,True
2598,11,,C Belgno-H.L-Unc,NULL,1,2598,130,True
2599,11,,C Belgno-H.L-Unc,NULL,0,2599,130,True
2416,11,,C Belgno-H.L-Unc,NULL,0,2416,131,True
2608,11,,C Belgno-H.L-Unc,NULL,1,2608,131,True
2613,11,,C Belgno-H.L-Unc,NULL,0,2613,132,True
2646,11,,D Bel-H.L-Unc-Lic,NULL,0,2646,133,True
2655,12,,A Mun-Berm.Ctro,NULL,1,2655,149,True
2660,12,,A Mun-Berm.Ctro,NULL,0,2660,149,True
2453,12,,A Mun-Berm.Ctro,NULL,1,2453,150,True
2458,12,,B Mn-Esc-Berm-Gob,NULL,0,2458,152,True
2672,12,,B Mn-Esc-Berm-Gob,NULL,1,2672,153,True
2673,12,,B Mn-Esc-Berm-Gob,NULL,0,2673,153,True
2461,12,,B Mn-Esc-Berm-Gob,NULL,1,2461,154,True
2674,12,,B Mn-Esc-Berm-Gob,NULL,0,2674,154,True
2690,12,,C Berm-Ctro-Gob,NULL,1,2690,155,True
2679,12,,C Berm-Ctro-Gob,NULL,0,2679,156,True
2687,12,,C Berm-Ctro-Gob,NULL,1,2687,156,True
2678,12,,C Berm-Ctro-Gob,NULL,1,2678,157,True
3317,12,,D Ctro-H.Lago.Unc,NULL,1,3317,158,True
3266,12,,D Ctro-H.Lago.Unc,NULL,1,3266,159,True
3321,12,,D Ctro-H.Lago.Unc,NULL,1,3321,161,True
2469,12,,F Carmen-Centro,NULL,1,2469,162,True
3323,12,,F Carmen-Centro,NULL,1,3323,163,True
3333,12,,F Carmen-Centro,NULL,1,3333,169,True
3335,12,,G Col.Hs.Gob.Ctro,NULL,1,3335,170,True
2799,12,,G Col.Hs.Gob.Ctro,NULL,1,2799,171,True
3337,12,,G Col.Hs.Gob.Ctro,NULL,1,3337,172,True
3339,12,,H C.Seg.-Centro,NULL,1,3339,173,True
3259,12,,H C.Seg.-Centro,NULL,1,3259,174,True
3264,12,,H C.Seg.-Centro,NULL,0,3264,174,True
3341,12,,H C.Seg.-Centro,NULL,1,3341,175,True
3342,12,,H C.Seg.-Centro,NULL,0,3342,175,True
3343,12,,I C.Segovia-Ctro,NULL,1,3343,176,True
3344,12,,I C.Segovia-Ctro,NULL,0,3344,176,True
3345,12,,I C.Segovia-Ctro,NULL,1,3345,177,True
3346,12,,I C.Segovia-Ctro,NULL,0,3346,177,True
2689,12,,I C.Segovia-Ctro,NULL,1,2689,178,True
2805,12,,I C.Segovia-Ctro,NULL,0,2805,178,True
3195,12,,J Berm-Esc.Cart,NULL,0,3195,187,True
2517,12,,J Berm-Esc.Cart,NULL,1,2517,188,True
2522,12,,J Berm-Esc.Cart,NULL,0,2522,188,True
2523,12,,J Berm-Esc.Cart,NULL,1,2523,189,True
2524,12,,J Berm-Esc.Cart,NULL,0,2524,189,True
2968,12,,K-M.C.Nieve.Ctro,54 NOTTIX TIRASSO,1,2968,193,True
3314,12,,K-Mc.Nieve.Ctro,NULL,0,3314,193,True
3188,12,,K-M.C.Nieve.Ctro,NULL,1,3188,196,True
3189,12,,K-M.C.Nieve.Ctro,NULL,0,3189,196,True
2692,13,,A Centro-C.Molina,NULL,0,2692,155,True
3282,13,,A Centro-C.Molina,NULL,0,3282,157,True
3318,13,,A Centro-C.Molina,NO APARECÍA EN EL EXCEL DE GABRIEL,0,3318,158,True
3267,13,,B-Ctro.Col Seg.,NULL,0,3267,159,True
3320,13,,B-Ctro.Col Seg.,NO APARECÍA EN EL EXCEL DE GABRIEL,0,3320,160,True
3322,13,,B-Ctro.Col Seg.,NO APARECÍA EN EL EXCEL DE GABRIEL,0,3322,161,True
2487,13,,C Centro-C.Seg.,NULL,0,2487,162,True
3324,13,,C Centro-C.Seg.,NULL,0,3324,163,True
3326,13,,C Centro-C.Seg.,NULL,0,3326,165,True
3328,13,,D-Colonia H.Sauce,NULL,0,3328,166,True
3330,13,,D-Colonia H.Sauce,NULL,0,3330,167,True
3332,13,,D-Colonia H.Sauce,NULL,0,3332,168,True
2715,13,,F Mun-B Carmen,NULL,1,2715,179,True
2499,13,,F Mun-B Carmen,NULL,1,2499,180,True
2708,13,,F Mun-B Carmen,NULL,1,2708,181,True
2818,13,,G C.Seg-Hs-Carmen,NULL,0,2818,182,True
2724,13,,G C.Seg-Hs-Carmen,NULL,0,2724,183,True
2508,13,,G C.Seg-Hs-Carmen,NULL,0,2508,184,True
2510,13,,H C.Molina-Centro,NULL,0,2510,185,True
2862,13,,H C.Molina-Centro,NULL,1,2862,185,True
2822,13,,H C.Molina-Centro,NULL,0,2822,186,True
2824,13,,H C.Molina-Centro,NULL,1,2824,186,True
3194,13,,H C.Molina-Ctro,NULL,1,3194,187,True
2878,13,,I Berm-Ctro-Gob,NULL,1,2878,211,True
2879,13,,I Berm-Ctro-Gob,NULL,0,2879,211,True
2886,13,,I Berm-Ctro-Gob,NULL,1,2886,212,True
2888,13,,I Berm-Ctro-Gob,NULL,0,2888,212,True
3198,13,,I Berm-Ctro-Gob,NULL,1,3198,213,True
3221,13,,I Berm-Ctro-Gob,NULL,0,3221,213,True
3222,13,,J-Centroxcalle 7,NULL,1,3222,214,True
3223,13,,J-Centroxcalle 7,NULL,0,3223,214,True
3255,13,,J-Centroxcalle 7,NULL,1,3255,215,True
3256,13,,J-Centroxcalle 7,NULL,0,3256,215,True
3319,14,,A Col-Alam-C.Gob,NULL,1,3319,160,True
2803,14,,A Col-Alam-C.Gob,NULL,1,2803,164,True
2804,14,,A Col-Alam-C.Gob,NULL,0,2804,164,True
3325,14,,A Col-Alam-C.Gob,NULL,1,3325,165,True
3327,14,,B Alam-Gob-Ctro,NULL,1,3327,166,True
3329,14,,B Alam-Gob-Ctro,NULL,1,3329,167,True
3331,14,,B Alam-Gob-Ctro,NULL,1,3331,168,True
3334,14,,C Ala-E Poug-Car,NULL,0,3334,169,True
3336,14,,C Ala-E Poug-Car,NULL,0,3336,170,True
2802,14,,C Ala-E Poug-Car,Termina en B  El Carmen y vuelve al Control VN sin trabajar.,0,2802,171,True
3338,14,,D-Alam-El Carmen,NULL,0,3338,172,True
3340,14,,D-Alam-El Carmen,NULL,0,3340,173,True
2111,15,,M.Hoyos Vandor,061 MATHUS HOYOS VANDOR,1,2111,111,True
2112,15,,M.Hoyos Vandor,061 MATHUS HOYOS VANDOR,0,2112,111,True
2125,15,,Vand S.Y Sierr,061 Centro Vandor Sol y Sierra,1,2125,112,True
2132,15,,S Y Sierra Vando,061 MATHUS HOYOS SOL Y SIERRA VANDOR CENTRO CONTROL,0,2132,112,True
2128,15,,61 Bajada Vandor,61 BAJADA VANDOR CENTRO CONTROL,0,2128,113,True
2131,15,,61Bajada Sol Y Sier,61 MATHUS HOYOS BAJADA SOL Y SIERRA VANDOR CENTRO CONTROL,0,2131,114,True
2189,15,,Borboll Sy Sierr,BORBOLLON VANDOR SOL Y SIERRAS POR BELTRAN JUAN B JUSTO,1,2189,193,True
2190,15,,S.Y Sierr Borb,SOL Y SIERRAS EL BORBOLLON ,0,2190,193,True
1639,16,,A M.Hoyos Belg,NULL,0,1639,121,True
2109,16,,A M.Hoyos Belg,62 MATHUS HOYOS BELGRANO SIN CASA DE GOBIERNO,1,2109,121,True
1904,16,,B H.Moral H.Unc,62 MATHUS HOYOS SEGUNDO CALLEJON MORALES HOSPITAL UNIVERSIDAD NACIONAL CUYO SIN CASA DE GOBIERNO,1,1904,125,True
1905,16,,A M.Hoy.Mor.Ctrol,62 MATHUS HOYOS SEGUNDO CALLEJÓN MORALES,0,1905,125,True
1915,16,,B Mhosp.Unc C.G,62 MATHUS HOYOS SEGUNDO CALLEJÓN MORALES HOSPITAL UNIVERSIDAD NACIONAL DE CUYO CASA DE GOBIERNO,1,1915,126,True
1916,16,,B M.H Mor.Ctrol,62 MATHUS HOYOS SEGUNDO CALLEJÓN MORALES CONTROL GRUPO 6,0,1916,126,True
3347,16,,B M.H.Moh.Unc C.G,NULL,1,3347,126,False
2187,16,,B Mho Hosp. S/Cg,NULL,1,2187,128,True
2188,16,,B Mhoy H.Pira Scg,NULL,0,2188,128,True
2110,16,,C M.H.Seur B.S.M.,62 MATHUS HOYOS HOSPITAL SIN EUREKA POR B. S. MER SIN CASA DE GOBIERNO,1,2110,129,True
2133,16,,C M.H.Seurek Sc.G,62 MATHUS HOYOS HOSPITAL SIN EUREKA SIN CASA DE GOBIERNO,0,2133,129,True
1917,17,,A I.Patri Sin C.G,63 INDEPENDENCIA PATRICIA SIN CASA DE GOBIERNO,1,1917,131,True
1948,17,,A Indep.Control,63 INDEPENDENCIA CONTROL,0,1948,131,True
1919,17,,A Ind.Patri C.Gob,63 INDEPENDENCIA PATRICIAS CASA DE GOBIERNO,1,1919,132,True
1950,17,,A Indep.Control,63 INDEPENDENCIA CONTROL,0,1950,132,True
1920,17,,B Ind.Aer.Sin C.G,63 INDEPENDENCIA AEROPUERTO SIN CASA DE GOBIERNO,1,1920,133,True
1949,17,,B Aerop.Control,63 AEROPUERTO CONTROL,0,1949,133,True
1947,17,,B Ind.Aerop.C.Gob,63 INDEPENDENCIA AEROPUERTO CON CASA DE GOBIERNO,1,1947,134,True
1951,17,,B Ind.Aer.Ctrol,63 INDEPENDENCIA AEROPUERTO CONTROL,0,1951,134,True
2203,17,,B Inep.Hosp.S.Cg,INDEPENDENCIA,1,2203,135,True
2768,17,,B Ind.Hosp Sin Cg,INDEPENDENCIA HOSPITAL SIN C GOB.,0,2768,135,True
2806,17,,C Ind.Hosp.S.Cg,INDEPEDENCIA-HOSPITAL-SIN EUREKA-SIN CASA DE GOBIERNO,1,2806,136,True
2807,17,,C Indp H.S/Cg Bsm,NULL,0,2807,136,True
2811,17,,C Ind.H Unc C.Cg,NULL,1,2811,138,True
2814,17,,C Ind.H Unc C/Cg,NULL,0,2814,138,True
2494,17,,D Ind.Patr S.Cg,INDEPENDENCIA PATRICICAS SIN CASA DE GOBIERNO CON PARQUE INDUSTRIAL,1,2494,143,True
2543,17,,D Ind.Pc.Cg C.Pi,INDEPENDENCIA PATRICIAS SIN CASA DE GOBIERNO CON  PARQUE INDUSTRIAL,0,2543,143,True
2885,17,,A Ind.Patr.Scgpi,63 INDEPENDENCIA PATRICIA PARQUE INDUSTRIAL SIN CASA DE GOBIERNO,1,2885,144,True
2889,17,,A Ind.Patr.Cgpi,63 INDEPENDENCIA PATRICIA PARQUE INDUSTRIAL CASA DE GOBIERNO ,0,2889,144,True
2292,18,,A Ujemvi S/C.Gob,B  UJEMVI SIN CASA DE GOBIERNO,1,2292,141,True
2368,18,,A Ujemvi S/C.Gob,B UJEMVI SIN CASA DE GOBIERNO,0,2368,141,True
2485,18,,A Ujemvi C/C.Gob,B UJEMVI CON CASA DE GOBIERNO,0,2485,142,True
2880,18,,A Ujemvi C/C.Gob,64 UJENVI CON CASA DE GOBIERNO,1,2880,142,True
2819,19,,A 1 De Mayo,1 DE MAYO,1,2819,151,True
2823,19,,A 1 De Mayo,1 DE MAYO,0,2823,151,True
2675,20,,A Dor Matheu-S/Cg,DORR-MATHEU-S/CG,1,2675,161,True
2887,20,,A Dor-Matheu-S/Cg,066A DORREGO MATHIU SIN CASA DE GOBIERNO,0,2887,161,True
2610,20,,66 Dorr-Matheu-C/Cg,DORREGO-MATHEU-CON CASA DE GOBIERNO,1,2610,162,True
2611,20,,A Dor-Matheu-S/Cg,DORREGO-MATHEU CON CASA DE GOBIERNO,0,2611,162,True
2624,21,,A Exp Dorr S/Cg,67 EXPRESO DORREGO SIN CASA DE GOBIERNO,1,2624,171,True
2629,21,,A Exp Dorr S/Cg,67 EXPRESO DORREGO SIN CASA DE GOBIERNO,0,2629,171,True
2574,21,,A Exp-Dor C/Cgob,67 EXPRESO DORREGO CON CASA DE GOBIERNO,1,2574,172,True
2575,21,,A Exp Dor C/Cgob,67 EXPRESO DORREGO CON CASA DE GOBIERNO,0,2575,172,True
2528,22,,A Ortiz S/Cg,ORTIZ SIN CASA DE GOBIERNO,0,2528,181,True
2529,22,,A Ortiz S/Cg,ORTIZ SIN CASA DE GOBIERNO,1,2529,181,True
2526,22,,A Ortiz C/Cg,68 ORTIZ CON CASA DE GOBIERNO ,1,2526,182,True
2527,22,,A Ortiz C/Cg,68 ORTIZ CON CASA DE GOBIERNO ,0,2527,182,True
2134,23,,A Hosp. Notti,069A HOSP. NOTTI,1,2134,191,True
2135,23,,A Hosp. Notti,069A HOSP. NOTTI,0,2135,191,True
2191,23,,Muni Las Her,MUNICIPALIDAD LAS HERAS,1,2191,192,True
2192,23,,Muni Las Heras,NULL,0,2192,192,True
2421,24,,A Gllen-G.Cxter,NULL,1,2421,134,True
2422,24,,A Gllen-G.Cxter,NULL,0,2422,134,True
2874,24,,A Gllen-G.Cxter,NULL,1,2874,135,True
2875,24,,A Gllen-G.Cxter,NULL,0,2875,135,True
2425,24,,B Gllen-Gc-Gobxob,NULL,1,2425,136,True
2426,24,,B Gllen-Gc-Gobxob,NULL,0,2426,136,True
2881,24,,B Gllen-Gc-Gobxob,NULL,1,2881,137,True
2882,24,,B Gllen-Gc-Gobxob,NULL,0,2882,137,True
2429,25,,C S.Ign-Ter-Cgob,NULL,1,2429,138,True
2430,25,,C S.Ign-Ter-C.Gob,NULL,0,2430,138,True
2896,25,,C S.Ign-Ter-C.Gob,NULL,1,2896,139,True
2897,25,,C S.Ign-Ter-C.Gob,NULL,0,2897,139,True
2435,25,,F S.Ign Colon Gob,NULL,1,2435,140,True
2436,25,,F S.Ign-Colon-Gob,NULL,0,2436,140,True
2899,25,,F S.Ign-Colon-Gob,NULL,1,2899,141,True
2900,25,,F S.Ign-Colon-Gob,NULL,0,2900,141,True
3014,26,,A B°Supe/Jud/C.G.,NULL,1,3014,142,True
2439,26,,A B°Supe/Jud/C.G.,NULL,1,2439,143,True
2442,26,,A B°Supe-Jud-C.G.,NULL,0,2442,144,True
2906,26,,B B°Supe/Jud/C.G.,NULL,0,2906,145,True
3013,26,,B B°Supe/Jud/C.G.,NULL,1,3013,242,True
3016,26,,B B°Supe/Jud/C.G.,NULL,1,3016,243,True
3020,26,,C B°Supe-Jud-C.G.,NULL,0,3020,244,True
3022,26,,C B°Supe/Jud-C.G.,NULL,0,3022,245,True
3015,27,,A B°Supe-Jud-C.G.,NULL,0,3015,142,True
2440,27,,A B°Supe/Jud/C.G.,NULL,0,2440,143,True
2441,27,,A B°Supe/Jud/C.G.,NULL,1,2441,144,True
2905,27,,B B°Supe/Jud/C.G.,NULL,1,2905,145,True
3018,27,,B B°Supe-Jud-C.G.,NULL,0,3018,242,True
3017,27,,B B°Supe/Jud/C.G.,NULL,0,3017,243,True
3019,27,,C B°Supe/Jud/C.G.,NULL,1,3019,244,True
3021,27,,C B°Supe/Jud/C.G.,NULL,1,3021,245,True
2445,28,,A Supe-Plaza G.C.,NULL,1,2445,146,True
2446,28,,A Supe-Plaza G.C.,NULL,0,2446,146,True
3153,28,,A Supe-Plaza G.C.,75B SOl ySIERA.P.GC ,1,3153,190,True
3160,28,,A Supe-Plaza G.C.,75B SOl ySIERA.P.GC ,0,3160,190,True
2447,29,,A Expr/Supe/Ctro,NULL,1,2447,147,True
2448,29,,A Expr-Supe-Ctro,NULL,0,2448,147,True
2449,29,,A Expr/Supe-Ctro,NULL,0,2449,148,True
2903,30,,Roca X Smartin,NULL,1,2903,215,True
2904,30,,Roca X Smartin,NULL,0,2904,215,True
2914,30,,Roca X Smartin,NULL,1,2914,216,True
2935,30,,Roca X Sanmartín,NULL,0,2935,216,True
2915,31,,S. Miguel C.Gob,NULL,1,2915,221,True
2936,31,,San Miguel C.Gob,NULL,0,2936,221,True
2916,31,,San Miguel C.Gob,NULL,1,2916,222,True
2937,31,,San Miguel C.Gob,NULL,0,2937,222,True
2940,32,,Finca González,NULL,0,2940,231,True
2977,32,,Finca González,NULL,1,2977,231,True
2920,32,,Finca González,NULL,1,2920,232,True
2941,32,,Finca González,NULL,0,2941,232,True
2942,33,,Minetti,NULL,0,2942,245,True
2974,33,,Minetti,NULL,1,2974,245,True
2922,33,,Minetti,NULL,1,2922,246,True
2943,33,,Minetti,NULL,0,2943,246,True
2923,34,,Espejo Casa Gob.,NULL,1,2923,261,True
2944,34,,Espejo Casa Gob.,NULL,0,2944,261,True
2924,34,,Espejo Casa Gob.,NULL,1,2924,262,True
2945,34,,Espejo Casa Gob.,NULL,0,2945,262,True
2932,35,,Shopping - Notti,NULL,1,2932,281,True
2953,35,,Shopping - Notti,NULL,0,2953,281,True
1649,36,,A S.Mart Sc.Gob,NULL,1,1649,111,True
1654,36,,A S.Mart.Sc.Gob,NULL,0,1654,111,True
1679,36,,A S.Mart-C.Gob,NULL,1,1679,112,True
2893,36,,A S.Mart C/Gob,91 San Martin con casa de gobierno,0,2893,112,True
1699,36,,B Ba S Mar Nott,091B Ba. San Martin Hospital Pediatrico SC de Gobierno,1,1699,113,True
1923,36,,B S Mar Nott C8,91 BARRIO SAN MARTIN HOSPITAL NOTTI CONTROL G-8,0,1923,113,True
1824,36,,B Bsmar Notti,91 BARRIO SAN MARTIN HOSPITAL PEDIATRICO S/CG,1,1824,114,True
1902,36,,B S Mar Notti,91 BARRIO SAN MARTIN HOSPITAL NOTTI SIN CASA DE GOBIERNO,0,1902,114,True
1926,36,,B Viaj Unc S M,91 BARRIO VIAJANTES UNC BARRIO SAN MARTIN ,1,1926,115,True
1927,36,,B Unc Viajantes,91 B  SAN MARTIN UNC B  VIAJANTES ,0,1927,115,True
2101,37,,Esc Champagnat Vta,ESCOLAR CAMPAGNAT EL CHALLAO VUELTA,0,2101,129,False
1928,37,,A Ba. Municip,92 BARRIO MUNICIPAL ,1,1928,117,True
1929,37,,A Ba Municip,92 BARRIO MUNICIPAL TERMINAL,0,1929,117,True
1931,37,,A Ba.Mun Peluq,92 BARRIO MUNICIPAL CON BARRIO LOS PELUQUEROS,1,1931,118,True
1932,37,,A Ba. Peluq,92 Ba. los Peluqueros centro ,0,1932,118,True
1933,37,,A Ba. Muni Nott,92 Ba. MUNICIPAL HOSPITAL PEDIATRICO,1,1933,119,True
1934,37,,A Ba.Muni Notti,92 BARRIO MUNICIPAL HOSP PEDIATRICO,0,1934,119,True
2153,37,,B B Mun Inf Unc,92 BARRIO MUNICIPAL HOSPITAL LAGOMAGGIORE UNC ,0,2153,120,True
2154,37,,B Muni Hosp Unc,92 BARRIO MUNICIPAL B  INFANTA HOSPITAL LAGOMAGGIORE UNC,1,2154,120,True
1943,37,,B Infan Munic,92-94 Barrio Infanta Barrio Municipal ,1,1943,121,True
1952,37,,B Munic Infant,92-94 Barrio Municipal Barrio Infanta Terminal,0,1952,121,True
1983,37,,Ex Expr Reconq,EXPRESO RECONQUISTA,0,1983,122,True
2156,37,,Ex Expr Reconq,EXPRESO RECONQUISTA CENTRO,1,2156,122,True
2031,37,,B Unc Lic Agric,92 MUNICIPAL UNC LICEO AGRICOLA,1,2031,127,True
2032,37,,B Lic Unc Muni,92 LICEO UNC BARRIO MUNICIPAL,0,2032,127,True
2100,37,,Es Esc Champa Ida,ESCOLAR CHAMPAGNAT EL CHALLAO ,1,2100,129,False
2122,37,,Ex Munic S/C.Gob,130 EXP.SIN S/GOB,0,2122,130,True
2155,37,,Ex Reconq S/Cg,EXPRESO RECONQUISTA SIN CASA DE GOBIERNO,1,2155,130,True
2151,37,,Es Esc Parois,ESCOLAR DIEGO PAROISSIENS IDA DE TARDE,1,2151,137,False
2152,37,,Es Esc Parois Vta,ESCOLAR DIEGO PAROISSIENS VUELTA DE TARDE,0,2152,137,False
2104,37,,Es Esc Parois Vta,ESCOLAR ESCUELA PAROISSIENS VUELTA,1,2104,138,False
2105,37,,Es Esc Parois Ida,ESCOLAR ESCUELA PAROISSIENS IDA,0,2105,138,False
1990,38,,Cement Viajan,93-95 BARRIO VIAJANTES CEMENTISTA,1,1990,123,True
1991,38,,Cement Viajan,95 BARRIO VIAJANTES ,0,1991,123,True
2027,38,,Cement C/Cgob,93 BARRIO CEMENTISTA CON CASA DE GOBIERNO,1,2027,124,True
2028,38,,Viajant C/Gob,95 BARRIO VIAJANTES CON CASA DE GOBIERNO,0,2028,124,True
2123,38,,Cem-Manzotti,93 ESC. MANZOTTI,1,2123,131,True
2147,38,,Esc. Manzotti,93/95 ESC MANZOTTI B  VIAJANTES ,0,2147,131,True
2148,38,,Es Cemen Manzo,93/95 CAS DE BOB B CEMENTISTA ESCUELA MANZOTTI,1,2148,132,True
2150,38,,Es Esc Manzo Viaj,93/95 ESC MANZOTTI CASA DE GOBIERNO B  VIAJANTES ,0,2150,132,True
2012,39,,Infanta S Cg,94 BARRIO INFANTA SIN CASA DE GOBIERNO,1,2012,125,True
2013,39,,Barrio Infanta,94 BARRIO INFANTA TERMINAL,0,2013,125,True
2025,39,,Infanta C/C Gob,94 BARRIO INFANTA CON CASA DE GOBIERNO,1,2025,126,True
2026,39,,Infanta C Gob,94 BARRIO INFANTA CON CASA DE GOBIERNO ,0,2026,126,True
2029,40,,Cadore-Ctro-Cgo,101 CADORE-CENTRO POR CASA DE GOBIERNO,1,2029,211,True
2030,40,,Centro  B Cadore,101 CADORE -CENTRO-POR CASA DE GOBIERNO,0,2030,211,True
2069,40,,Cadore Centro,NULL,1,2069,212,True
2070,40,,Centro-B Cadore,NULL,0,2070,212,True
2042,41,,S.Cayet-Cg-Hosp,DE IDA B SAN CAYETANO,1,2042,222,True
2071,41,,Caye-6Sec-Cg Hos,BARRIO SAN CAYETANO -6TA SECCION  CON CASA DE GOBIERNO Y HOSPITAL LAGOMAGGIORE,0,2071,222,True
2377,54,,D Vic Alg Zapata,NULL,1,2377,184,True
2979,41,,6Ta Secc H Lago,102 B  SAN CAYETANO 6ta SECCION HOSPITAL LAGOMAGIORE,1,2979,224,True
2980,41,,6Ta Dorrego,102 6ta SECCION DORREGO B  SAN CAYETANO,0,2980,224,True
2047,42,,Naza-Unc-Liceo,Nazareno-UNC-por Julian Barraquero-Liceo Agricola,1,2047,232,True
2048,42,,Naza-Unc-L.Agri,NAZARENO-UNC-JULIAN BARRAQUERO-LICEO AGRICOLA,0,2048,232,True
2049,42,,Naz-Unc-Jbjus-Li,NULL,1,2049,233,True
2050,42,,Naz-Unc-Jbjus-Li,NULL,0,2050,233,True
2051,42,,Na-Qi-Uni-Unc-Li,NULL,1,2051,234,True
2052,42,,Na-Qi-Uni-Unc-Li,NULL,0,2052,234,True
2053,42,,Naz-S/Unc X Barr,NULL,1,2053,235,False
2054,42,,Naz-S/Unc X Barr,NULL,0,2054,235,False
2055,42,,Na-S/Unc X Jbjus,NULL,1,2055,236,False
2056,42,,Na-S/Unc X Jbjus,NULL,0,2056,236,False
2057,42,,Na-Qui-Dad S/Unc,NULL,1,2057,237,False
2058,42,,Na-Qui-Dad.S/Unc,NULL,0,2058,237,False
3133,42,,Na-Qui-Unc S/Dad,NULL,0,3133,238,True
3134,42,,Na-Qui-Unc S/Dad,NULL,1,3134,238,True
2061,42,,Na-Unc X Barr-Li,NAZ-UNCXBARRAQ-LICEO,1,2061,239,False
2062,42,,Na-Unc X Barr-Li,NAZ-UNCXBARRAQ-LICEO,0,2062,239,False
2063,42,,Na-Uncxjbj-Li Sc,NAZARENO-UNC POR JUAN B JUSTO-LICEO AGRICOLA AP. SAN CAYETANO,1,2063,240,False
2064,42,,Na-Uncxjbj-Li.Sc,NAZARENO-UNC POR JUAN B JUSTO-LICEO AGRICOLA AP. SAN CAYETANO,0,2064,240,False
2044,43,,Unimev-Banc Cg,NULL,1,2044,242,True
2901,43,,Bancar Cg Unimev,104 CON CASA DE GOBIERNO UNIMEV CONTROL,0,2901,242,True
2067,43,,Unimev Banc S Cg,BARRIO UNIMEV,1,2067,244,True
2068,43,,Unimev-Banc-S/Cg,BARRIO UNIMEV,0,2068,244,True
3023,44,,C.Hipico-E.G.B.,111 C.HIPICO-E.G.B.,1,3023,174,True
3026,44,,Fav-Unc-H.Ctral,111 C.HIPICO-E.G.B.,0,3026,174,True
3035,44,,C.Hip-Egb-B Oliv,111 C.HIP-EGB-B OLIV,1,3035,175,True
3037,44,,Ctro-Lh-H.Ctral,111 C.HIP-EGB-B OLIV,0,3037,175,True
3024,44,,C Hipico.Olivares,NULL,1,3024,176,True
3034,44,,Ctro-Lh-Xh.Ctral,NULL,0,3034,176,True
2213,45,,115 Sanid Chall,NULL,1,2213,167,True
2214,45,,115 Challao Ctro,NULL,0,2214,167,True
2556,45,,Sdad.Chall.S.Isid,Activar para fiesta Virgen de Lourdes,1,2556,170,True
2557,45,,Sdad.Ctro,Activar para fiesta Virgen de Lourdes,0,2557,170,True
2933,46,,B.Matheu-Unc-Zoo,116-Bo.Matheu - UNC,1,2933,271,False
2954,46,,B.Mat.-Unc-Zoo,NULL,0,2954,271,False
2934,46,,B.Mat.-Unc-Zoo,116-Bo.Matheu - Zoo,1,2934,272,False
2955,46,,B.Mat.-Unc-Zoo,116-Bo.Matheu - Zoo,0,2955,272,False
2157,47,,B La Glo X R.P.,121 B La Glo x R.P.,1,2157,230,True
2158,47,,B La Gloria X Rp,B  La Gloria por Rodriguez Peña,0,2158,230,True
2084,47,,9Jul-Als-C.Impsa,NULL,1,2084,242,True
2163,47,,B Lglor-9Jul-Als,B La Gloria por 9 de julio-Alsina-Club Impsa,0,2163,242,True
2169,48,,B La Glo-P.Olive,B  LA GLORIA POR PUENTE OLIVE,1,2169,231,True
2171,48,,B La Glo-P.Olive,B  LA GLORIA POR PUENTE OLIVE,0,2171,231,True
2170,49,,B Ant. Gc Ctro,BARRIO ANTARTIDA,1,2170,232,True
2177,49,,B Ant Pla G/Cruz,123 BARRIO ANTARTIDA B  EL MIRADOR PLAZA G CRUZ ,0,2177,232,True
2159,50,,Directo Acc Sur,124 DIRECTO  PÒR ACCESO SUR,1,2159,233,True
2160,50,,La Glor Acc Sur,124 LA GLORIA POR ACCESO SUR ,0,2160,233,True
2172,50,,B L.Glor-Dir-Cos,B  La Gloria -Directo por Costanera,1,2172,234,True
2173,50,,B L.Glo-Dir-Cost,B La Gloria Directo por Costanera,0,2173,234,True
2183,51,,B La Glo V Nueva,125 BARRIO LA GLORIA VILLA NUEVA HOSPITAL NOTTI,1,2183,235,True
2184,51,,V Nue La Gloria,125 VILLA NUEVA HOSPITAL NOTTI PLAZA GODOY CRUZ B  LA GLORIA,0,2184,235,True
2136,52,,B Vict Acc.Nor,131 BARRIO VICTORIA POR ACCESO NORTE,1,2136,115,True
2137,52,,B Vict Acc.Nor,131 BARRIO VICTORIA POR ACCESO NORTE,0,2137,115,True
2863,52,,A Borb-Ctro X Acc,BORBOLLON DE CENTRO A ZONA POR ACCESO NORTE  No corresponde ida,0,2863,152,True
2864,52,,A Borb X Acc,BORBOLLON POR ACCESO NORTE,1,2864,153,True
2869,52,,A Borb X Acc,BORBOLLON POR ACCESO NORTE,0,2869,153,True
2639,52,,B Cuyan X Acc N,131 CUYANITA POR ACCESO NORTE A BORBOLLON,1,2639,158,True
2640,52,,B Cuyan X Acc N,131 CUYANITA POR ACCESO NORTE A BORBOLLON,0,2640,158,True
2635,52,,B Cuyanita Borbo,131 CUYANITA POR CALLE MAIPÚ A BORBOLLON,1,2635,159,True
2636,52,,B Cuyanita Borbo,131 CUYANITA POR CALLE MAIPÚ A BORBOLLON,0,2636,159,True
2537,53,,B Vic Pza Ls Hs,BARRIO VICTORIA PLAZA LAS HERAS ,1,2537,179,True
2538,53,,B Vic Pza Ls Hs,LAS HERAS CALLE MAIPU EL BORBOLLON,0,2538,179,True
2138,54,,A B Vict X Maipu,133 B VICTORIA X MAIPU,1,2138,116,True
2144,54,,A B Vict X Maipu,NULL,0,2144,116,True
2146,54,,A B Vict C/Gob,133A B VICTORIA X MAIPU C/GOB,1,2146,117,True
2165,54,,A B Vic X Mpu C.G,NULL,0,2165,117,True
2166,54,,A B Vict X Zapata,133A B VICTORIA POR CALLE ZAPATA,1,2166,118,True
2168,54,,A B Vic. X Zapata,133A B VICTORIA X CALLE ZAPATA,0,2168,118,True
2870,54,,B Borbo X C Maipu,BORBOLLON POR CALLE MAIPU,1,2870,154,True
2871,54,,B Borb X C Maipu,BORBOLLON POR CALLE MAIPÚ,0,2871,154,True
2957,54,,B Borb X Maipu Cg,NULL,1,2957,155,True
2958,54,,B Borb X Maipu Cg,NULL,0,2958,155,True
2681,54,,B Borb Mpu Cuy,133B BORBOLLON POR CALLE MAIPÚ A CUYANITA,1,2681,157,True
2682,54,,B Borb A Cuy,133B BORBOLLON POR CALLE MAIPÚ A CUYANITA,0,2682,157,True
2566,54,,C Alg Ctro Mpu V,133C ALGARROBAL-CENTRO-CALLE MAIPU-B  VICTORIA,1,2566,174,True
2568,54,,C Alg Ctro Mpo V,ALGARROBAL-CENTRO-CALLE MAIPU-B  VICTORIA,0,2568,174,True
2536,54,,D Vic Cen Mpu Al,B VICTORIA-CENTRO POR C. MAIPÚ-ALGARROBAL DE ABAJO,1,2536,178,True
2539,54,,D Vi Ctro Mpu Alg,B VICTORIA-CENTRO-CENTRO MAIPÚ-ALGARROBAL DE ABAJO,0,2539,178,True
2433,54,,D Vic Alg Zap,133 B  Victoria al Algarrobal Por Zapata,0,2433,184,True
2330,54,,C Alg Aba Vict Cg,133 ALGARROBAL ABAJO B VICTORIA CASA GOBIERNO X MAIPU,1,2330,185,True
2371,54,,C Alg Vic Cg Mpu,NULL,0,2371,185,True
2311,54,,E Borboll.Zapata,133E BORBOLLON POR CALLE ZAPATA,1,2311,186,True
2318,54,,E Borbo X Zapata,NULL,0,2318,186,True
2200,54,,D Vic La Pega,133D B  VICTORIA CENTRO,1,2200,188,True
2201,54,,D Cent Alg Pega,133D CENTRO ALGARROBAL LA PEGA CONTROL ,0,2201,188,True
2198,54,,C Alg Pega Ctro,NULL,1,2198,189,True
2262,54,,C Alg Pega Ctro,AGARROBAL ABAJO-LA PEGA-CENTRO B  VICTORIA-CONTROL,0,2262,189,True
3132,55,,Mpu-Mza Lin/Terr,151-MAIPU-MENDOZA POR LINEA VUELTA POR TERRADA,1,3132,169,True
3155,55,,Mza-Maipu Terr,NULL,0,3155,169,False
1615,55,,Mpu Pte Oliv Mza,MAIPU PUENTE OLIVE MENDOZA ,1,1615,170,True
1617,55,,Mza Pte Oli Mpu,MENDOZA PUERNTE OLIVE MAIPÚ,0,1617,170,True
1623,55,,Pte Olive C Gob,MAIPÚ PTE OLIVE CON C/ GOBIERNO MENDOZA,1,1623,171,True
1624,55,,Mza P Olive Mpu,MENDOZA PUENTE OLIVE MAIPÚ,0,1624,171,True
1974,55,,Escol Vieytes,ESCOLAR VIEYTES,1,1974,173,False
2975,55,,Escol Vieytes,ESCOLAR VIEYTES,0,2975,173,False
3139,55,,Esc.Virg Car De Cuyo,ESCUELA VIRGEN DEL CARMEN DE CUYO 1/2 DIA,1,3139,174,False
3154,55,,Esc.Virg Carm Cuyo,NULL,0,3154,174,False
3094,55,,Esc.Vieytes Tarde,ESCOLAR VIEYTES DE TARDE,1,3094,175,False
3156,55,,Esc Ivcc Tarde,NULL,0,3156,175,False
1978,55,,Escol Ivcc,ESCOLAR IVCC TARDE,1,1978,176,False
2978,55,,Escol Ivcc,ESCOLAR IVCC VUELTA,0,2978,176,False
3069,55,,Escolar Vieytes,NULL,1,3069,177,False
1625,55,,Mpu Bdo Pte Ol,MPÚ BOEDO PTE OLIVE MDZ,1,1625,180,True
1626,55,,Mza Pte O Bdo Mp,MENDOZA POR PUENTE OLIVE BOEDO MAIPÚ,0,1626,180,True
1620,56,,Mza-Ac S-Terr-Mpu,RECORRIDO 152 -MAIPU POR TERRADA-ACCESO SUR ,0,1620,172,True
3051,56,,Mpu Mza Ter Acc S,152 MAIPÚ MENDOZA TERRADA POR ACCESO SUR,1,3051,172,True
1703,57,,Maipu-Mza X Maza,Maipú - Mendoza  por Maza ,1,1703,111,True
1704,57,,Mza-Maipu X Maza,Mendoza Maipú por Maza ,0,1704,111,True
1936,57,,Mpu-Mza-Cgob-Maz,NULL,1,1936,112,True
1937,57,,Maipu-Mza-Maza,NULL,0,1937,112,True
1939,58,,Mpu Mza Exp.Maza,NULL,1,1939,113,True
1940,58,,Mza-Mpu Exp.Maza,NULL,0,1940,113,True
1610,59,,Maip-Exp.Urq-Mza,161- MAIPU EXPRESO URQUIZA-MENDOZA,1,1610,111,True
1611,59,,Mza-Exp.Urq-Maip,161- MAIPU-EXPRESO URQUIZA-MENDOZA,0,1611,111,True
1613,59,,Mpu-Exp.Stea-Mza,161-MAIPU-EXPRESO-SARRATEA-MENDOZA,1,1613,112,True
1614,59,,Mz-Exp.Stea-Maip,161-MAIPU-EXPRESO SARRATEA-MENDOZA,0,1614,112,True
1675,60,,Maip H Ital Mza,162 LINEA POR HSPITAL ITALIANO MENDOZA ,1,1675,121,True
1676,60,,A Mendoza Maipu,MENDOZA POR LINEA MAIPU,0,1676,121,True
1621,60,,T.Sosa-Hosp.Ital,RECORRIDO 162 BARRIO TROPERO SOSA - HOSPITAL ITALIANO.,1,1621,124,True
1622,60,,A-H.Ital.B.T.Sosa,RECORRIDO 162 BARRIO TROPERO SOSA- HOSPITAL ITALIANO,0,1622,124,True
1678,60,,Mal T Sosa Mza,BARRIO MALCAYAE TROPERO SOSA MENDOZA,1,1678,125,True
1680,60,,C-Mza-Trop.S-Mal,Recorrido 162- Malcayanes -Tropero Sosa,0,1680,125,True
1632,60,,C.Gob-Ref.Terr,CASA DE GOBIERNO-REFUERZO TERRADA,1,1632,126,True
1633,60,,Ref.Terr-C.Gob.,CASA DE GOBIERNO -REFUERZO TERRADA,0,1633,126,True
1641,60,,Mpu-Mza-C.Gob,162-POR CASA DE GOBIERNO,1,1641,127,True
1648,60,,B Mendoza Maipu,NULL,0,1648,127,True
1630,60,,Pescara H It Mza,162B LINEA POR PESCARA HOSPITAL ITALIANO MENDOZA,1,1630,128,True
1631,60,,B Pescara Maipu,162 PESCARA MAIPÚ ,0,1631,128,True
3211,60,,Boedo Maipu,NULL,0,3211,129,True
1684,60,,M Y T Sosa Mza,162 MALCAYAE Y TROPERO SOSA MENDOZA,1,1684,130,True
1685,60,,C Mza Mal T.S.Mpu,162 MENDOZA BARRIO MALCAYAE TROPERO SOSA MAIPÚ,0,1685,130,True
3212,60,,C Ref.Cg C Rioja,162 LINEA POR HSPITAL ITALIANO MENDOZA ,1,3212,500,True
3213,60,,C Ref.Cg C Rioja,MENDOZA POR LINEA MAIPU,0,3213,500,True
1628,60,,Boedo C.Gob Mza,162 POR BOEDO C/ CASA DE GOBIERNO MENDOZA  codigo redbus 128,1,1628,501,True
1629,60,,Boedo C-Gob Mpu,162 POR BOEDO  CON CASA DE GOBIERNO MAIPÚ  codigo redbus 128,0,1629,501,True
1647,61,,Maipu-Mza P.Naz,NULL,1,1647,131,True
1696,61,,Mza-Maipu X Naz,Mendoza-Maipú por Nazareno,0,1696,131,True
1955,61,,Nazareno-Centro,RECORRIDO DESDE EL B NAZARENO AL CENTRO,1,1955,132,True
1959,61,,Nazareno-Vuelta,RECORRIDO 163 NAZARENO DESDE EL CENTRO AL B  NAZARENO,0,1959,132,True
3257,62,,Esc Comercio Coquim,NULL,1,3257,148,False
3258,62,,Esc Comercio S Eduar,NULL,1,3258,149,False
1686,62,,Loc Coq Mpu,165 LOCAL COQUIMBITO MAIPU,1,1686,151,True
1687,62,,Mpu Coquimbito,165 MAIPU COQUIMBITO ,0,1687,151,True
1960,62,,Esc.Gabrielli(Maña),ESCUELA GABRIELLI CORTO DE MAÑANA,1,1960,153,False
3062,62,,Esc.Gabrielli,NULL,0,3062,153,False
3260,62,,Esc Gabrielli Corto,NULL,1,3260,154,False
1973,62,,Es Esc. Gabriell,NULL,0,1973,155,False
2972,62,,Local Esc.Gabr Lar,LOCAL ESCULA GABRIELLI LARGO ,1,2972,155,False
1963,62,,Escolar Gabrieli,NULL,1,1963,156,False
1691,62,,Coq. San Eduardo,165 COQUIMBITO MAIPÚ BARRIO SAN EDUARDO,1,1691,158,True
1694,62,,Local Coquim Luzur,LOCAL COQUIMBITO LUZURIAGA,0,1694,158,True
1964,63,,Utma S Cay P.Va,UTMA-SAN CAYETANO POR REDRO VARGAS,1,1964,161,True
2910,63,,Utma-S.Cay-P.Var,UTMA-SAN CAYETANO POR P. VARGAS,0,2910,161,True
1966,63,,Utma-S.Cay-Lama,UTMA-SAN CAYETANO POR LAMADRID,1,1966,162,True
2909,63,,Utma-S.Cay-Lama,UTMA-SAN CAYETANO POR LAMADRID,0,2909,162,True
1968,63,,163 Utma Antar,163 UTMA ANTARTIDA ,1,1968,163,True
2757,75,,A Corr.X Nac Mil.,A22A CORR.X NAC.MIL.,0,2757,211,True
2912,63,,B Anta-Ctro-Dorr,BARRIO ANTARTIDA CENTRO POR DORREGO,0,2912,163,True
2913,63,,Naz-Cg X Dorr,NAZARENO CON CASA DE GOBIERNO POR DORREGO,1,2913,164,True
2966,63,,Nazar Cg Xdorr,NULL,0,2966,164,True
1906,64,,Mpu.Coq.R.Cr.Mza,Maipú - Coquimbito - Rodeo de la Cruz - Mendoza,1,1906,114,True
1909,64,,Mpu.Coq.R.Crz.Mz,Maipú - Coquimbito - Rodeo de la Cruz - Mendoza,1,1909,115,True
1956,64,,Mpu.R.Cruz-Mza,Maipú - Rodeo de la Cruz - Mendoza,1,1956,116,True
1985,64,,Maipu.R.Cruz-Mdz,Maipu - Rodeo de la Cruz - Mendoza,1,1985,117,True
2637,64,,V.Viñ.Gutierr.Lc,171 V.VIÑEDO Z.ALCOHOLERA GUTIERREZ,1,2637,118,True
2641,64,,Z.Alcoh.Gut.Mpu,171 V.VIÑEDO Z.ALCOHOLERA GUTIERREZ,0,2641,118,True
2107,64,,Mpu.Rpeña.Mdz,Maipú - Rodriguez Peña - Mendoza,1,2107,123,True
2620,64,,R.Cruz Gut.Maipu,171 V.NUEVA R.CRUZ GUTIERREZ,0,2620,123,True
2118,64,,Maipú-R.Peña-Mdz,Maipú - Rodriguez Peña - Mendoza,1,2118,125,True
2119,64,,Mdz-R.Cruz-Mpu,Mendoza - Rodeo de la Cruz - Maipú,0,2119,125,True
2615,64,,R.Cruz V.Viñedo,171 V.VIÑDO V.NUEVA R.CRUZ,0,2615,145,True
2959,64,,Maipú.R.Cruz.Mdz,171V.NUEVA R.CRUZ X GUTIERREZ,1,2959,145,True
2616,64,,R.Cruz Mza,171 V.VIÑEDO R.CRUZ V.NUEVA MZA,1,2616,146,True
2617,64,,Rcruz V.Viñ.Gut,171 V.VIÑEDO V.NUEVA R.CRUZ GUTIRREZ ,0,2617,146,True
2618,64,,R.Cruz V.Nuv.Mza,171 V.VIÑEDO R.CRUZ MZA R.CRUZ MAIPU,1,2618,147,True
2619,64,,R.Cruz Gut.Maipu,171 V.NUEVA R.CRUZ GUTIERREZ,0,2619,147,True
2621,64,,Rcruz V.Nuv.Mz,171 V.VIÑEDO V.NUEVA R.CRUZ MZA,1,2621,148,True
2224,64,,Mpu.Viñ.Rcruz.Mz,Maipú - Viejo Viñedo - Rodeo de la Cruz - Mendoza,1,2224,149,True
2249,64,,Mz.Rcruz.Vviñedo,Mendoza - Rodeo de la Cruz - Viejo Viñedo,0,2249,149,True
2225,64,,Mpu.Viñ.Rcruz.Mz,NULL,1,2225,150,True
2226,64,,Mpu.Viñ.Rcruz.Mz,Maipú - Viejo Viñedo - Rodeo de la Cruz - Mendoza,1,2226,151,True
2227,64,,Mpu.Viñ.Rcruz.Mz,Maipú - Viejo Viñedo - Rodeo de la Cruz - Mendoza,1,2227,152,True
2544,64,,Mz.Rcruz.Mpu,Mendoza - Rodeo de la Cruz - Maipú,0,2544,152,True
2228,64,,Mpu.Viñ.Rcruz.Mz,Maipú - Viejo Viñedo - Rodeo de la Cruz - Mendoza,1,2228,153,True
2275,64,,Mz.Rcruz.Viñ.Mpu,Mendoza - Rodeo de la Cruz - Viejo Viñedo - Maipú,0,2275,153,True
2626,64,,V.Viñ.Rcruz Mz,171 V.VIÑEDO V.NUEVA R.CRUZ GUTIERREZ,1,2626,173,True
2631,64,,Mz V.Nva.Rcruz,171 V.VIÑEDO V.NUEVA R.CRUZ GUTIERREZ,1,2631,174,True
2634,64,,R.Cruz Gutierr.,171 V.NUEVA R.CRUZ GUTIERREZ,0,2634,175,True
2016,65,,Maipu-R.Cruz-Mdz,Maipu - Rodeo de la Cruz - Mendoza,1,2016,119,True
2019,65,,Mpu-R.Cruz-Mdz,Maipú - Rodeo de la Cruz - Mendoza,1,2019,120,True
2894,65,,V.Nuev.R.Cruz Mza,172 MAIPU.R.CRUZ RUTTINI ORTEGA 173,1,2894,121,True
2024,65,,Maipú-R.Cruz-Mdz,Maipú - Rodeo de la Cruz - Mendoza,1,2024,122,True
2043,65,,Mdz-R.Cruz-Maipú,Mendoza - Rodeo de la Cruz - Maipú,0,2043,122,True
2113,65,, Mpu.R.Peña.Mdz,Maipú - Rodriguez Peña - Mendoza,1,2113,124,True
2116,65,,Mdz.R.Cruz.Mpu,Mendoza - Rodeo de la Cruz - Maipú,0,2116,124,True
2141,65,,Mpu R.Peña.R.Mdz,Maipú - Rodriguez Peña - Mendoza,1,2141,126,True
2142,65,,Mdz.R.Cruz.Maipú,Mendoza - Rodeo de la Cruz - Maipú,0,2142,126,True
2162,65,,Mdz.R.Cruz.Mpú,Mendoza - Rodeo de la Cruz - Maipú,0,2162,127,True
2167,65,,Maipú.R.Peña.Mdz,Maipú - Rodriguez Peña - Mendoza,1,2167,127,True
2178,65,,Mdz.R.Cruz.Mpú,Mendoza - Rodeo de la Cruz - Maipú,0,2178,128,True
2179,65,,Maipú.R.Peña.Mdz,Miapú - Rodriguez Peña - Mendoza,1,2179,128,True
2434,65,,R.Cruz.Mdz,Rodeo de la Cruz - Mendoza,1,2434,151,True
2532,65,,Mdz.R.Cruz.Maipú,Mendoza - Rodeo de la Cruz - Maipú,0,2532,151,True
2604,65,,Coq.R.Cruz Mza,172 V.NUEVA R.CRUZ COQ.T.SOSA,1,2604,154,True
2633,65,,R.Cruz Mza,172 R.CRUZ V.NUEVA MZA,1,2633,175,True
3307,65,,Cens-Mpu R.C.Mza,172 ESC.CENS MAIPU RODEO DE LA CRUZ COQUIMBITO 173,1,3307,314,False
2319,66,,Mdz.R.Peña.Maipú,Mendoza - Rodriguez Peña - Maipú,0,2319,114,True
1911,66,,Mz Gcr.V.Viñ Mpu.,Mendoza - G.Cruz - R.Peña - Coquimbito - V.Viñedo - Maipú,0,1911,115,True
2034,66,,R.Cruz.Mdz,Rodeo de la Cruz- Mza.,1,2034,115,True
1957,66,,R.Cruz-Mdz,Rodeo de la Cruz - Mendoza,1,1957,116,True
1958,66,,Mz-Rutt.Ort-Mpu,Mendoza - Ruttini - Ortega - Maipú,0,1958,116,True
2872,66,,Maipú.R.Cruz.Mdz,Maipú - Rodeo de la Cruz - Mendoza,1,2872,117,True
2873,66,,B Mz.Z.Alc.Ort,Mendoza - Zona Alcoholera - Ortega,0,2873,117,True
2018,66,,Mz Gcruz.Coq.Mpu,Mendoza - Plaza Godoy Cruz - R.Peña - Coquimbito - Maipú ,0,2018,119,True
2033,66,,R.Cruz-Mdz,Rodeo de la Cruz - Mendoza,1,2033,119,True
2020,66,,R.Cruz-Mdz,Rodeo de la Cruz - Mendoza,1,2020,120,True
2022,66,,Mz-Rutt.Ort-Mpu,Mendoza - Ruttini - Ortega - Maipú,0,2022,120,True
2021,66,,R.De La Cruz-Mdz,Rodeo de la Cruz - Mendoza ,1,2021,121,True
2023,66,,Mdz.Z.Alcoho.Ort,Mendoza - Zona Alcoholera - Ortega,0,2023,121,True
2099,66,,Maipú.R.Peña.Mdz,Maipú - Rodriguez Peña - Mendoza,1,2099,123,True
2115,66,,Maipú.R.Peña.Mdz,Maipú - Rodriguez Peña - Mendoza,1,2115,124,True
2127,66,,Mpu.Ort.Rpeña.Mz,Maipú - Ortega - Rodriguez Peña - Mendoza,1,2127,125,True
2140,66,,Mpu.Ort.Rpeña.Mz,Maipú - Ortega - Rodriguez Peña - Mendoza,1,2140,126,True
2182,66,,Mpú.Z.Alcoho.Mz,Maipú - Zona Alcoholera - Rodriguez Peña - Mendoza,1,2182,128,True
1709,66,,Exp.Mpu.Rpeña Mz,Expreso  Maipú - R.Peña Mza ,1,1709,129,True
1710,66,,Exp.Mza Mpu Rpeña,Expreso Rodríguez Peña Mendoza Maipú,0,1710,129,True
1711,66,,Exp.Nech.Mpu Mza,Expreso  Maipú   Ortega Necochea Rodríguez Peña Mendoza,1,1711,130,True
1712,66,,Exp.Nec.Mza Mpu,Expreso  Ortega Necochea Rodríguez Peña Mendoza Maipú,0,1712,130,True
1640,112,,Centro-Parque,NULL,1,1640,111,True
2622,66,,Z.Ind.Gcruz V.V.,173 ZONA IND.PL.G.CRUZ COQ.T.SOSA V.VIÑ.,1,2622,148,True
2623,66,,R.Peña.V.V.Coq,173 Z.IND.PL.G.CRUZ.COQ.T.SOSA V.VIÑEDO,0,2623,148,True
2344,66,,R.Cruz.Mdz,Rodeo de la Cruz - Mendoza,1,2344,150,True
2369,66,,Mz.Rpeña.Vviñedo,Mendoza - Rodriguez Peña - Viejo Viñedo,0,2369,150,True
2605,66,,Mza R.Peña Ort.,173 ZONA IND.PL.GCRUZ ORT.V.VIÑEDO,1,2605,154,True
2606,66,,Rpeña V.Viñ.Ort.,173 ZONA IND.PLA.G.CRUZ.COQ.T.SOSA .V.VIÑEDO,0,2606,154,True
2627,66,,Z.Ind.Gcruz Coq,173 ZONA IND.PL.G.CRUZ COQ.T.SOSA,1,2627,173,True
2628,66,,R.Peña Coq.Tsosa,173 ZONA IND. PL.G.CRUZ COQ.T.SOA,0,2628,173,True
2630,66,,Coq.R.Peña Mza,173 MAIPU R.PEÑA MZA R.CRUZ V.VIÑEDO 171,1,2630,174,True
1714,66,,Mza Gc.B.Mor.Mpu,MAIPU MENDOZA POR B.MORON - PTE OLIVE - PL. GODOY CRUZ ,0,1714,182,True
3350,66,,Mpu.Mza Mor.Gc.Mz,MAIPU MENDOZA POR B.MORON - PTE OLIVE - PL. GODOY CRUZ  ,1,3350,182,True
3348,66,,Exp.Mpu.Accest.Mz,Expreso - Maipú - B° 25 De Mayo - Acceso Este - Mendoza,1,3348,196,True
3349,66,,Mza Accest.Mpu,Expreso Mendoza - Acceso Este - B° 25 De Mayo - Maipú,0,3349,196,True
3308,66,,R.Cruz Mza,172 ESC.CENS MAIPU RODEO DE LA CRUZ COQUIMBITO 173,1,3308,314,False
3309,66,,R.Peña Coq.Mpu,172 ESC.CENS 172 MAIPU RODEO DE LA CRUZ COQUIMBITO 173,0,3309,314,False
3310,66,,R.Peña Coq.Mpu,172 ESC.CENS 172 MAIPU RODEO DE LA CRUZ COQUIMBITO 173,0,3310,314,False
1713,67,,Tsosa Mza P.Gcruz,B° Amupe -  Tropero Sosa Mendoza por Plaza Godoy Cruz,1,1713,131,True
3351,67,,Mza P.Gcruz Tsosa,Mendoza por Plaza Godoy Cruz Maipú - Tropero Sosa - B° Amupe,0,3351,131,True
2185,67,,T.Sosa Mza Cost.,B° Amupe - Tropero Sosa - Mendoza por Costanera,1,2185,132,True
2186,67,,Mza P.Gcruz Tsosa,Mendoza Por Pl.Godoy Cruz - Tropero Sosa B° Amupe,0,2186,132,True
2194,67,,R.Esc.Mza P.Gcruz,B° Remedios de Escalada T.Sosa Maipú Mza por Plaza Godoy Cruz,1,2194,133,True
2195,67,,Mza Tsosa P.Gcruz,Mza por Plaza Godoy Cruz Maipú T.Sosa ,0,2195,133,True
2196,67,,C.Barro Mz Gcruz,Castro Barros - Tropero Sosa Mza por Plaza de Godoy Cruz,1,2196,134,True
2197,67,,Mz P.Gcruz Tsosa,Mza por Plaza de Godoy Cruz Tropero Sosa ,0,2197,134,True
2220,67,,Cbarros Mza Cost,Castro Barros - Tropero Sosa Mza por Costanera,1,2220,135,True
2222,67,,Mz P.Gcruz Tsosa,Mza Por Pl.Godoy Cruz Tropero Sosa,0,2222,135,True
2306,67,,T.S.Malc.Mz Gcruz,B° Malcayae - Tropero Sosa Mendoza por Plaza Godoy Cruz,1,2306,136,True
2308,67,,Mz Gcruz Malc.T.S,Mendoza por Plaza Godoy Cruz B° Malcayae  Tropero Sosa ,0,2308,136,True
1725,67,,Tsosa Z.Ind.Mza,B° Tropero Sosa - Zona Industrial,1,1725,137,True
1756,67,,3Esq.T.S.Malc.Mza,3 ESQUINAS TROPERO SOSA MALCAYAE MENDOZA POR PLAZA G. CRUZ,1,1756,178,True
2474,67,,Mza G.Cruz T.Sosa,MENDOZA POR PLAZA G.CRUZ MALCAYAES T.SOSA,0,2474,178,True
2477,67,,Mza Gcruz T.Sosa,174 B°AMUPE-T.SOSA MZA PL.G.CRUZ 3ESQ.,1,2477,179,True
2519,67,,Mza Gcruz Mpu T.S,MENDOZA POR PLAZA G. CRUZ MAIPU TROPERO SOSA B° AMUPE,0,2519,179,True
2520,67,,Tsosa Mpu.Gc.Mz,B° AMUPE TROPERO SOSA MENDOZA POR P. GODOY CRUZ 3 ESQUINAS,1,2520,180,True
2521,67,,Mz Mpu.Tsosa.3Esq,MENDOZA POR P. GODOY CRUZ MAIPU TROPERO SOSA 3 ESQUINAS,0,2521,180,True
1765,67,,Tsos.Bjazm.Gc.Mz,B° Amupe -Tropero Sosa Mza por Pl. Godoy Cruz -(APERTURA LOS JAZMINES),1,1765,193,True
2820,67,,Mza Mpu.Jazm.Tsos,Mza por Pl. Godoy Cruz - Maipú - B°Los Jazmines -Tropero Sosa - B° Amupe,0,2820,193,True
1839,67,,Chach.Mpu.Mza,Chachingo por Urquiza Paraíso Ruta 60 Malcayae - Maipú - R. Peña - Mendoza,0,1839,247,True
1769,68,,Maipu-Lujan,Maipu - Lujan,1,1769,211,True
1770,68,,Lujan-Maipu,LUJAN MAIPU,0,1770,211,True
1771,68,,Mpu Lujan Sup,Maipú - Lujan - Maipú (Superiora de ida),1,1771,212,True
1772,68,,Lujan Maipu,LUJAN MAIPU,0,1772,212,True
1774,68,,Lujan Maipu Mza,LUJAN MAIPU MZA,0,1774,213,True
2696,68,,Mza Maip Luj,NULL,1,2696,213,True
2876,68,,Mza Maip.Luj.Sup,Mendoza - Lujan por Maipú (entra a la Superiora de ida y vuelta),1,2876,214,True
2877,68,,Luj.Maip.Sup Mza,Lujan por Maipú Mendoza - (entra a la Superiora de ida  y vuelta) ,0,2877,214,True
1898,68,,Maip.Rec.Lujan,Maipú - Recoaro - Luján,1,1898,298,True
2773,68,,Lujan Rec.Maipu,Luján - Recoaro - Maipú ,0,2773,298,True
1777,69,,Mza Mpu.Pmol.Cagr,Mendoza - Pedro Molina - C. Agrarias(Superiora de vuelta) ,1,1777,215,True
1778,69,,C.Agr.Sup.Mpu.Mza,Mendoza - Pedro Molina - C. Agrarias(Superiora de vuelta) ,0,1778,215,True
1779,69,,Mza Mpu.Sup.Cagr,Mendoza - Pedro Molina - C. Agrarias(Superiora de ida ) - Maipú,1,1779,216,True
1780,69,,C.Agr.Sup.Mpu.Mza,C. Agrarias - Pedro Molina - Maipú Mendoza  ,0,1780,216,True
1781,69,,Mza Mpu.Sup.Cagr.,Mendoza - Pedro Molina - C. Agrarias(Superiora de ida ) - Maipú ,1,1781,217,True
1782,69,,C.Agr.P.Mol.Mpu,C. Agrarias - Pedro Molina - Maipú ,0,1782,217,True
1783,69,,Mza.Mpu.Sup.C.Agr,Mendoza - Pedro Molina - C. Agrarias(Superiora de ida y de vuelta ),1,1783,218,True
1784,69,,C.Agr.Sup.Mpu.Mza,C. Agrarias - Pedro Molina - (Superiora) Maipú Mendoza,0,1784,218,True
1785,69,,Mpu.Sup.C.Agr, Maipú Pedro Molina - C. Agrarias(Superiora),1,1785,219,True
1786,69,,C.Agr.Sup.Mpu.Mza,C. Agrarias - Pedro Molina (Superiora) - Maipú - Mendoza ,0,1786,219,True
3162,69,,Mza Maip.P.Mol.,181MENDOZA PEDRO MOLINA C.AGRARIAS SUP.IDA ,1,3162,220,True
3164,69,,Mza Mpusup.C.Agr.,181 MZA P.MOLINA C.AGRARIAS SUPERIORA DE IDA,1,3164,221,True
3167,69,,P.Mol.Mpu Mza,181 MZA P.MOLINA C.AGRARIS SUPERIORA IDA,0,3167,221,True
3305,69,,Maipu Mendoza,MAIPU MENDOZA (P.MOLINA C.AGRARIAS),1,3305,288,True
1741,70,,V.Cast.Maipu, Maipú B° Canciller - Videla Castillo - Maipú (LOCAL),0,1741,163,True
2891,70,,Mpu.Ba.Canc.Vcast,Maipú Ba. Canciller - Videla Castillo - Maipu (LOCAL),1,2891,163,True
2890,70,,Mpu.Canc.V.C.Esc, Maipú B° Canciller - Videla Castillo - Maipú (LOCAL) hasta la Escuela Bernardo Ortiz,1,2890,164,True
1638,112,,Centro-Vnueva,NULL,1,1638,122,True
2892,70,,V.Cast.Maipu,Maipú B° Canciller - Videla Castillo - Maipú (LOCAL) hasta la Escuela Bernardo Orti,0,2892,164,True
1744,70,,Mpu.V.Cast.Canc.,Maipú Videla Castillo B° Canciller- Maipú (LOCAL) ,1,1744,165,True
2895,70,,V.Castillo Maipu,Maipú Videla Castillo B° Canciller- Maipú (LOCAL),0,2895,165,True
1746,70,,Mpu.V.C.Canc.Esc.,Maipú Videla Castillo B° Canciller- Maipú (LOCAL) hasta la Escuela Bernardo Ortiz,1,1746,166,True
1747,70,,V.Castillo Maipu,Maipú Videla Castillo B° Canciller- Maipú (LOCAL) hasta la Escuela Bernardo Ortiz,0,1747,166,True
3092,70,,Maipu V.Cast.Mza,182 MAIPU VIDELA CASTILLO MZA,1,3092,177,True
3093,70,,Maipu V.Cast.Mza,182 MAIPU VIDELA CASTILLO MENDOZA,0,3093,177,True
1791,70,,3Esq.Sup.Mpu.Mza,Tres Esquinas (Superior) Maipú Mendoza,0,1791,222,True
3168,70,,Mza Mpu 3Esq.,182 MZA 3 ESQUINAS SUPERIORA DE VUELTA RIO MZA,1,3168,222,True
1793,70,,3Esquinas Maipu,Tres Esquinas Maipú,0,1793,223,True
3171,70,,Mza Mpu Sup.3Esq,182 MZA 3 ESQUINAS SUPERIORA DE IDA MAIPU,1,3171,223,True
1794,70,,Maipu 3 Esquinas,Maipú - 3 Esquinas (x P.Molina) ,1,1794,224,True
3204,70,,3Esq.Sup.Mpu.Mza,182 MAIPU 3 ESQUINAS X P.MOLINA (SUPERIORA DE VUELTA)REGRESA X CRUZ DE PIEDRA - MZA,0,3204,224,True
1797,70,,3Esq.X P.Mol.Mpu,Tres Esquinas por Pedro Molina - Maipú,0,1797,225,True
3184,70,,Mza Mpu Sup 3Esq.,182 MZA TRES ESQUINAS POR PEDRO MOLINA (SUPERIORA DE IDA) MAIPU,1,3184,225,True
1799,70,,3Esqpm.Supmpumza,Tres Esquinas por Pedro Molina (Superiora) Maipú Mendoza,0,1799,226,True
3185,70,,Mza 3Esq.Xp.Mol.,182 MENDOZA TRES EQUINAS POR P.MOLINA (SUPERIORA DE VTA) ,1,3185,226,True
3190,70,,Mza Mpu 3Esq.,182 MENDOZA TRES ESQUINAS X P.MOLINA,1,3190,227,True
3191,70,,3Esq.P.M.Mpumza,182 TRES ESQUINAS x P.MOLINA MENDOZA,0,3191,227,True
1802,70,,Mpu 3Esq.Xp.Mol,Maipú - Tres Esquinas por Pedro Molina,1,1802,228,True
3193,70,,3Esqxp.M.Mpu Mza,182 MAIPU TRES ESQUINAS POR P.MOLINA MZA,0,3193,228,True
3196,70,,Mza Mpu.Sup3Esqpm,182 MENDOZA TRES ESQUINAS POR P.MOLINA (SUPERIORA DE IDA Y VUELTA),1,3196,229,True
3197,70,,3Esqpm.Supmpumza,182 MENDOZA TRES ESQUINAS POR P.MOLINA (SUPERIORA DE IDA Y VUELTA),0,3197,229,True
3199,70,,Mza Mpu3Esq.Xpm,182 MENDOZA - TRES ESQUINAS POR P.MOLINA HASTA RIO MZA,1,3199,230,True
3201,70,,3Esq.Mpu Mza,182 MENDOZA TRES ESQUINAS X P.MOLINA HASTA RIO MZA,0,3201,230,True
3202,70,,Mza Mpu Sup Rec.,182 MENDOZA RECOARO (SUPERIORA DE IDA),1,3202,231,True
3207,70,,Rec.Mpu.Mza,182 MENDOZA RECOARO (SUPERIORA DE IDA),0,3207,231,True
3209,70,,Mza Mpu Sup.Rec.,182 MENDOZA RECOARO (SUPERIORA DE IDA)- MAIPU,1,3209,232,True
3210,70,,Recoaro Maipu,182 MENDOZA RECOARO (SUPERIORA DE IDA) - MAIPU,0,3210,232,True
3173,70,,Rec.Sup.Mpu Mza,182 MEDOZA RECOARO (SUPERIORA DE VUELTA),0,3173,233,True
3235,70,,Mza Mpu Rec.,182 MENDOZA RECOARO (SUPERIORA DE IDA),1,3235,233,True
1813,70,,Maipu Recoaro,Maipú - Recoaro,1,1813,234,True
3216,70,,Rec.Sup.Mpu Mza,182 MAIPU RECOARO (SUPERIORA DE VTA) MENDOZA,0,3216,234,True
3217,70,,Rec.Sup.Mpu.Mza,182 RECOARO MENDOZA(SUPERIORA),1,3217,235,True
3218,70,,Mpu Recoaro,182 MAIPU RECOARO MENDOZA,1,3218,236,True
3219,70,,Rec.Mpu.Mza,182 MAIPU RECOARO - MENDOZA,0,3219,236,True
3220,70,,Mzampu Sup.C.P.,182 MENDOZA CRUZ DE PIEDRA(SUPERIORA DE IDA)MAIPU (OZAMIS Y V.ARANDA),1,3220,237,True
3224,70,,C.Piedra Mpu,182 MENDOZA CRUZ DE PIEDRA (SUPERIORA DE IDA)MAIPU (HASTA OZAMIS Y V.ARANDA),0,3224,237,True
3225,70,,Mza.Mpu Sup.C.P.,182 MENDOZA CRUZ DE PIEDRA (SUPERIORA DE IDA)MAIPU (HASTA V.ARANDA Y MAZA,1,3225,238,True
3227,70,,C.De Piedra Mpu,182 MENDOZA CRUZ DE PIEDRA (SUPERIORA DE IDA) MAIPU (HASTA V.ARANDA Y MAZA),0,3227,238,True
3228,70,,Mza Mpu Sup.C.P.,182 MENDOZA CRUZ DE PIEDRA (SUPERIORA IDA Y VUELTA),1,3228,239,True
3229,70,,C.P.Sup.Mpu Mza,182 MENDOZA CRUZ DE PIEDRA (SUPERIORA IDA Y VUELTA) ,0,3229,239,True
3230,70,,Mza Mpu Sup.Ch.,182 MENDOZA CHACHINGO POR RUSSELL (SUPERIORA IDA Y VUELTA),1,3230,240,True
3231,70,,Chruss.Sup.Mpumza,182 MENDOZA CHACHINGO POR RUSSELL (SUPERIORA DE IDA Y VUELTA),0,3231,240,True
3232,70,,Mpu Chach.,182 MAIPU CHACHINGO POR RUSSELL - MENDOZA,1,3232,241,True
3234,70,,Ch.Russ.Mpu Mza,182 MAIPU CHACHINGO POR RUSSELL MENDOZA,0,3234,241,True
3236,70,,Mza Mpu Russ.Cha,182 MENDOZA CHACHINGO POR RUSSELL (SUPERIORA DE VUELTA),1,3236,242,True
3237,70,,Chruss.Sup.Mpumza,182 MENDOZA CHACHINGO POR RUSSELL (SUPERIORA DE VUELTA ),0,3237,242,True
1832,70,,Chach.Russ.Maipu,Chachingo por Russell - Maipú,0,1832,243,True
3238,70,,Mza Mpusup.Russch,182 MENDOZA CHACHINGO POR RUSSELL (SUPERIORA DE IDA)- MAIPU,1,3238,243,True
3239,70,,Mza Maipu,182 MENDOZA MAIPU (CHACHINGO),1,3239,244,False
3240,70,,Mza Mpuchach.Urq.,182 MENDOZA CHACHINGO POR URQUIZA PARAISO POR RUTA 60 MENDOZA,1,3240,245,True
3241,70,,Chach.Urq.Mpumza,182 MENDOZA CHACHINGO POR URQUIZA PARAISO RUTA 60 MENDOZA,0,3241,245,True
1837,70,,Chachingo Urq.Mpu,Chachingo por Urquiza Paraíso Ruta 60 - Maipú,0,1837,246,True
3242,70,,Mzampu Chach.Urq.,182 MENDOZA CHACHINGO POR URQUIZA PARAISO RUTA 60 MAIPU,1,3242,246,True
1838,70,,Maipu Chach.Urq.,Maipú - Chachingo por Urquiza,1,1838,247,True
3243,70,,Mza Mpusup3E.Lunl,182 MENDOZA LUNLUNTA POR EL BAJO (SUPERIORA IDA Y VUELTA),1,3243,248,True
3244,70,,Lunl.3E.Supmpumza,182 MENDOZA LUNLUNTA POR EL BAJO (SUPERIORA IDA Y VUELTA),0,3244,248,True
3245,70,,Mza Maip.Sup.Lunl,182 MENDOZA LUNLUNTA POR EL BAJO REGRESA POR EL ALTO (SUPERIORA DE IDA Y VUELTA),1,3245,249,True
3246,70,,Lunl.Sup.Maip.Mza,182 MENDOZA LUNLUNTA POR EL BAJO REGRESA POR EL ALTO (SUPERIORA DE IDA Y VUELTA),0,3246,249,True
3248,70,,Mza Maip.Sup.Lunl,182 MENDOZA LUNLUNTA POR EL BAJO REGRESA POR EL ALTO (SUPERIORA DE IDA) MAIPU,1,3248,250,True
3249,70,,Lunlunta Maipu,182 MENDOZA LUNLUNTA POR EL BAJO REGRESA POR EL ALTO (SUPERIORA DE IDA) MAIPU,0,3249,250,True
3250,70,,Mza Mpu.Sup.Lunl.,182 MENDOZA LUNLUNTA POR EL ALTO REGRESA POR EL BAJO (SUPERIORA DE IDA),1,3250,251,True
3251,70,,Lunl.Maipu Mza,182 MENDOZA LUNLUNTA POR EL ALTO REGRESAPOR EL BAJO (SUPERIORA DE IDA),0,3251,251,True
3252,70,,Mza Maip.Sup.Lunl,182 MENDOZA LUNLUNTA POR EL ALTO REGRESA POR EL BAJO (SUPERIORA DE IDA Y VUELTA),1,3252,252,True
3253,70,,Lunl.Sup.Maip.Mza,182 MENDOZA LUNLUNTA POR EL ALTO REGRESA POR EL BAJO (SUPERIORA DE IDA Y VUELTA),0,3253,252,True
3254,70,,Maipu Lunlunta,182 MAIPU LUNLUNTA POR EL ALTO REGRESA POR EL BAJO (SUPERIORA DE VUELTA )MENDOZA,1,3254,253,True
3261,70,,Lunl.Sup.Maip.Mza,182 MAIPU LUNLUNTA POR EL ALTO REGRESA POR EL BAJO (SUPERIORA DE VUELTA)MENDOZA,0,3261,253,True
3263,70,,Mza Maipu Lunl.,182 MENDOZA LUNLUNTA POR EL ALTO REGRESA POR EL BAJO,1,3263,254,True
3265,70,,Lunl.Maipu Mza,182 MENDOZA LUNLUNTA POR EL ALTO REGRESA POR EL BAJO,0,3265,254,True
3289,70,,Mza Mpu.3Esq.Pmol,Mendoza - Maipú - Tres Esquina por Pedro Molina,1,3289,268,True
3290,70,,3Esq.Pmolina Mpu, Tres Esquina por Pedro Molina Maipú,0,3290,268,True
1884,70,,Maip.C.De Piedra,Maipú - Cruz de Piedra hasta Videla Aranda y Maza,1,1884,269,True
3291,70,,C.P.Sup.Mpumza,Cruz de Piedra - (Superiora) Maipú -  Mza,0,3291,269,True
3292,70,,Maipu Chachingo,Maipú - Chachingo por Russell ,1,3292,270,True
3293,70,,Chruss.Sup.Mpumza,Chachingo por Russell - Maipú - (Superiora) Mendoza,0,3293,270,True
3295,70,,Rec.Lunl.S.Mpumza,Recoaro Lunlunta por el Bajo - Maipú(Superiora)- Mendoza,0,3295,271,True
3296,70,,Mza Mpu.S.3E.Lunl, Mendoza - Maipú(Superiora) - Tres Esquinas por Pedro Molina - Lunlunta ,1,3296,272,True
3297,70,,Lunlunta Maipu,Lunlunta Maipú,0,3297,272,True
3300,70,,Mza Maip.Sup.Lunl,Mendoza - Maipú(Superiora) - Lunlunta por el Bajo regresa por el Alto ,1,3300,287,True
3301,70,,Lunl.Maipu Mza,Lunlunta - Maipú - Mendoza,0,3301,287,True
1856,71,,Mza Mpu.Barrancas, Mendoza - Maipú - Barrancas por el Alto ida y Vuelta,1,1856,255,True
1857,71,,Barr.Alt.Mpu.Mza,Barrancas por el Alto - Maipú - Mendoza,0,1857,255,True
3268,71,,Mza Mpu.Sup.Bar.A,183 MENDOZA BARRANCAS POR EL ALTO Y VUELTA,1,3268,256,True
3270,71,,Barr.A.Sup.Mpumza,183 MENDOZA BARRANCAS POR EL ALTO IDA Y VUELTA (SUPERIORA DE IDA),0,3270,256,True
3271,71,,Mza Map.Barr.Alt,183 MENDOZA BARRANCAS POR EL ALTO IDA Y VUELTA (SUPERIORA DE VUELTA),1,3271,257,True
3272,71,,Barr.A.Sup.Mpumza,183 MENDOZA BARRANCAS POR EL ALTO IDA Y VUELTA (SUPERIORA DE VUELTA),0,3272,257,True
3273,71,,Mza Maip.Barr.Alt,183 MENDOZA BARRANCAS POR EL ALTO REGRESA POR EL CARRIL (SUPERIORA DE VUELTA),1,3273,258,True
3275,71,,Barr.C.Sup.Mpumza,183 MENDOZA BARRANCAS POR EL ALTO REGRESA POR EL CARRIL (SUPERIORA DE VUELTA),0,3275,258,True
1865,71,,Maipu Barr.Carril,Maipú - Barrancas por el carril ,1,1865,259,True
3277,71,,Barr.Alt.Maip.Mza,183 MAIPU BARRANCAS POR EL CARRIL REGRESA POR EL ALTO MENDOZA,0,3277,259,True
1867,71,,Mpu.R.60 Barr.Alt,Maipú - Ruta N° 60 - Barrancas por el alto,1,1867,260,True
3279,71,,Barrc.R60 Mpu.Mza,Barrancas por el carril - Ruta N° 60 - (Superiora)Maipú  Mendoza,0,3279,260,True
3280,71,,Mza Barr.Xurq.Alt,Mendoza - Maipú - Barrancas por Urquiza por el Alto ,1,3280,261,True
3283,71,,Barrxurq.A.Mpumza,Barrancas por Urquiza - por el Alto - Maipú - Mendoza,0,3283,261,True
1872,71,,Mpu Barr.Urq.Carr,Maipú - Barrancas por Urquiza por el Carril ,1,1872,262,True
3284,71,,Barrxurq.A.Mpumza,Barrancas por Urquiza Regresa por el Alto - Maipú - Mendoza,0,3284,262,True
1876,71,,Barr.Urq.Carr.Mpu,Barrancas por Urquiza por el Carril - Maipú,0,1876,263,True
3285,71,,Mza Mpu.Bar.Urq.A,Mendoza - Maipú - Barrancas por Urquiza por el Alto ,1,3285,263,True
1878,71,,Barr X Carril.Mpu,Barrancas por el Carril - Russell - Maipú,0,1878,264,True
3286,71,,Mza Mpu.Barrurq.A,Mendoza - Maipú - Barrancas por Urquiza por el Alto,1,3286,264,True
2964,71,,Maipu Mza(Barr.),NULL,1,2964,265,True
3287,71,,Mza Mpu.Bar.Urq.A,Mendoza - Maipú - Barrancas por Urquiza por el Alto,1,3287,266,True
3288,71,,Barr.Urq.Alt.Mpu,Barrancas por Urquiza por el Alto - Maipú,0,3288,266,True
3299,71,,Barr.A.Sup.Mpumza,Barrancas por el Alto - Maipú(Superiora) - Mendoza,0,3299,273,True
3313,71,,Mza Mpu.Sup.Barr,Mendoza - Maipú (Superiora) - Barranca por el Alto,1,3313,273,True
1894,71,,Mpu.Barr.Urq.Carr,183MPU.BARR.URQ.CARR,1,1894,274,True
2911,71,,Barrxurq.C.Mpumza,183MPU.BARR.URQ.CARR,0,2911,274,True
1900,71,,Maipu Barr. Alt,Maipú Barrancas por el alto,1,1900,294,True
3367,71,,Barr.Alt.Maipu,183 MAIPÚ BARRANCAS MAIPÚ  ,0,3367,294,True
3311,71,,Mpu Barr.Esc.C.P.,183 MAIPU BARRANCAS MAIPU (ESC.CRUZ DE PIEDRA),1,3311,317,True
3312,71,,Barrancas Maipu,183 MAIPU BARRANCAS MAIPU ESC.CRUZ DE PIEDRA,0,3312,317,True
1748,72,,Mza Maip.Jun.,Mendoza Junín Mendoza (x Maipú),1,1748,167,True
1749,72,,Junin Maipu Mza,Mendoza Junín Mendoza (x Maipú),0,1749,167,True
2965,72,,Maipu Junin,Maipú -Junín - Maipú - Mendoza,1,2965,168,True
2969,72,,Junin Maipu Mza,JUNIN MAIPU MENDOZA,0,2969,168,True
2970,72,,Maipú - Mendoza,Maipú - Mendoza,1,2970,169,True
1755,73,,St.Blanc.Ortg.Mpu,Santa Blanca El Paraíso por Gutiérrez - Ortega - Maipú ,0,1755,171,True
3352,73,,Mpu.Ort.St.Blanc,Maipú Gutiérrez Ortega Santa Blanca El Paraíso,1,3352,171,True
2530,74,,A R.Cruz X Nac.,A21 RODEO DE LA CRUZ POR NACIONAL,1,2530,111,True
2677,74,,A R.Cruz X Nac.,A21A R.CRUZ X NAC.,0,2677,111,True
2534,74,,A R.Cruz X Nac.Pi,A21 RODEO DE LA CRUZ X NACIONAL-PICCIONE,0,2534,112,True
2852,74,,A R.Cruz X Nac.Pi,A21 RODEO DE LA CRUZ X NACIONAL,1,2852,112,True
2535,74,,B R.Cruz X Nac.,A21 RODEO DE LA CRUZ X NACIONAL SHOPPING,0,2535,113,True
2698,74,,B R.Cruz X Nac.,A21 R. DE LA CRUZ X NACIONAL SHOPPING,1,2698,113,True
2699,74,,B R.Cruz X Nac.Sh,A21 R.DE LA CRUZ X NAC. SHOPPING,1,2699,115,True
2984,74,,B R.Cruz X Nac.Sh,A21 RODEO DE LA CRUZ SHOPPING DE IDA,0,2984,115,True
2756,75,,A Corr.X Nac.Mil.,A22 CORRALITOS X NACIONAL MILAGROS,1,2756,211,True
2758,75,,B Corrxnac.S.Vte,A 22 CORRALITOS X NACIONAL MILAGROS SAN VICENTE ,1,2758,212,True
2759,75,,B Corrxnac.S.Vte,A22 CORRALITOS X NACIONAL MILAGROS SAN VICENTE,0,2759,212,True
2760,75,,C Corrxnac.Malv.,A22 CORRALITOS X NACIONAL MALVINAS GRILLI,1,2760,213,True
2761,75,,C Corrxnac.Malv.,A22 CORRALÑITOS X NACIONAL MALVINAS GRILLI,0,2761,213,True
2762,75,,D Corr.Ferrari,A22 CORRALITOS X NACIONAL FERRARI,1,2762,215,True
2763,75,,D Corr Ferrari,A22 CORRALITOS X NACIONAL FERRARI,0,2763,215,True
2764,75,,E Corr.Violetas,A22 CORRALITOS POR ACC.ESTE VIOLETAS X PONCE,1,2764,216,True
2765,75,,E Corr Violet,A22 CORRALITOS X ACC. ESTE VIOLETAS X PONCE,0,2765,216,True
2766,75,,F Corr.X Nac.,A22F CORR.X NAC.,1,2766,217,True
2767,75,,F Corr.X Nac.,A22 CORRALITOS X NACIONAL ,0,2767,217,True
2769,75,,C Corrxnac.Malv.,A22 CORRALITOS X NACIONAL GRILLI MALVINAS,1,2769,218,True
2770,75,,C Corrxnac.Malv.,A22 CORRALITOS X NACIONAL GRILLI MALVINAS VTA X SALCEDO,0,2770,218,True
3099,75,,A Corr.X Nac.,A22A CORR.X NAC. ,1,3099,219,True
3100,75,,A Corr X Nac,A22 CORRALITOS MILAGROS VEA SALCEDO,0,3100,219,True
2774,75,,B Corrxnac.S.Vte,A22 CORRALITOS X NACIONAL SAN VICENTE,1,2774,220,True
2775,75,,B Corrxnac S Vte,A22 CORRALITOS X NAC. SAN VICENTE,0,2775,220,True
2776,75,,C Corrxnac.Malv.,A22 CORRALITOS X NACIONAL MALVINAS,1,2776,221,True
2777,75,,C Corrxnac.Malv.,A22 CORRALITOS X NACIONAL MALVINAS,0,2777,221,True
2778,75,,E Corr.Violetas,A22 CORRALITOS X NACIONAL ,1,2778,222,True
2779,75,,E Corr.Violetas,A22 CORRALITOS X NACIONAL REG. KM 11 SALCEDO,0,2779,222,True
2780,75,,F Corr.X Nac.Mva.,A22 CORRALITOS X NACIONAL MILAGROS MALVINAS,1,2780,223,True
2781,75,,F Corr.X Nac.Mva.,A22 CORRALITOS MILAGROS MALVINAS,0,2781,223,True
2782,75,,A Corr.X Nac.,A22A CORR.X NAC.,1,2782,224,True
2783,75,,A Corr.X Nac.,A22 CORRALITOS X NACIONAL MILAGROS VEA,0,2783,224,True
2784,75,,E Corr.Violetas,A22 CORRALITOS X ACC. ESTE VIOLETAS X TIRASSO,1,2784,225,True
2785,75,,E Corr.Violetas,A22 CORRALITOS X ACC. ESTE VIOLETAS TIRASSO,0,2785,225,True
2786,75,,G Corr.Grilli/Mil,A22 CORRALITOS X NACIONAL GRILLI,1,2786,226,True
2787,75,,G Corr.Grilli/Mil,A22 CORRALITOS X NACIONAL GRILLI ,0,2787,226,True
3102,75,,G Corr.Grilli/Mil,A22 CORRALITOS MILAGROS VEA REGRESA SALCEDO,0,3102,227,True
3103,75,,G Corr.Grilli/Mil,A22 CORRALITOS MILAGROS VEA,1,3103,227,True
2790,75,,D Corr.Ferrari,A22 CORRALITOS X NACIONAL SALE FERRARI,1,2790,229,True
3105,75,,D Corr.Ferrari,A22 CORRALITOS POR NACIONAL MILAGROS VEA,0,3105,229,True
3107,75,,B Corrxnac.S.Vte,A22 CORRALITOS POR NACIONAL FERRARI MILAGROS VEA REGRESA RODEO SALCEDO,1,3107,230,True
3108,75,,B Corrxnc S.Vte,A22 CORRALITOS POR NACIONAL FERRARI MILAGROS VEA REGRESA RODEO SALCEDO,0,3108,230,True
2796,75,,D Corr.Ferrari,A22 CORRALITOS X NACIONAL FERRERI,0,2796,231,False
3109,75,,D Corr.Ferrari,A22CORRALITOS POR NACIONAL FERRARI MILAGROS RODEO,1,3109,231,True
2713,76,,San Jav Nac,B23 B° SANTA ANA SAN JAVIER X NACIONAL,1,2713,135,True
2714,76,,San Jav Nac,A23 B°SANTA ANA SAN JAVIER X NAC.,0,2714,135,True
2717,76,,San Jav Nac/Cgob,A23 B° SANTA ANA SAN JAVIER X NAC. C.GOB,0,2717,136,True
3028,76,,San Jav Nac/Cgob,A23 B° SANTA ANA SAN JAVIER CASA DE GOBIERNO,1,3028,136,True
3031,76,,San Jav Nac/Cgob,A23 B° SANTA ANA B° SAN JAVIER CASA DE GOBIERNO IDA,0,3031,136,False
3079,77,,Primavera X Nac.,A24 PRIMAVERA POR NACIONAL,0,3079,142,False
3081,77,,Primav.X Nac.,A24 PRIMAVERA POR NACIONAL,1,3081,142,True
2748,78,,Escorihuela,A25 B° ESCORIHUELA X NACIONAL,1,2748,191,True
2749,78,,Escorihuela,A25 B° ESCORIHUELA X NACIONAL R.DE LA CRUZ,0,2749,191,True
2751,78,,Escorihuela,A25 B° ESCORIHUELA X NAC.C.GOBIERNO,0,2751,192,True
2907,78,,Escorihuela,A25 B° ESCORIHUELA X NACIONAL CASA DE GOBIERNO,1,2907,192,True
2987,78,,Escorihuela,A25 B°ESCORIHUELA PARQUE DE DESCANSO,1,2987,195,True
2988,78,,Escorihuela,A25 B° ESCORIHUELA X NACIONAL PARQUE DE DESCANSO,0,2988,195,True
2744,79,,Colonia Segovia,A27 COLONIA SEGOVIA X G. CRUZ,1,2744,171,False
2745,79,,Colonia Segovia,A27 COLONIA SEGOVIA R.DE LA CRUZ X G.CRUZ,0,2745,171,False
3042,80,,R.Cruz C.Bombal,A 28 COLONIA BOMBAL MENDOZA,0,3042,181,False
3043,80,,R.Cruz C.Bombal,A28 COLONIA BOMBAL POR NACIONAL,1,3043,181,False
2731,81,,Pedregal X Nac.,A 29 PEDREGAL X NACIONAL,1,2731,161,False
2732,81,,Pedregal X Nac.,A 29 PEDREGAL R. DE LA CRUZ,0,2732,161,False
2701,82,,R.Cruz X G.Cruz,B21 MZA.R.DE LA CRUZ,1,2701,114,True
2702,82,,R Cruz X G Cruz,B21 R. CRUZ MENDOZA PQUE. DESCANSO,1,2702,116,True
2704,82,,R.Cruz X G.Cruz,B21 R. CRUZ X G. CRUZ SANTA RITA,1,2704,117,True
2797,83,,A Corr. Km 14,B 22 CORRALITOS X G,1,2797,250,True
2798,83,,A Corr.Km 14,B22 CORRALITOS X G. CRUZ KM 14,0,2798,250,True
2800,83,,A Corr.Km 14,B22A CORRALITOS X G. CRUZ KM 14 MILAGROS MALVINAS,1,2800,252,True
2801,83,,A Corr.Km 14,B22A CORRALITOS KM 14 MILAGROS MALVINAS,0,2801,252,True
2825,83,,A Corr. X G.Cruz,B22 CORRALITOS X GODOY CRUZ,0,2825,253,True
3214,83,,Corr.X G.Cruz,B22A CORRALITOS POR CARRIL GODOY CRUZ,1,3214,253,True
2827,83,,B Corr.X G.Cruz,B22B CORRALITOS X GODOY CRUZ MALVINAS,1,2827,254,True
3112,83,,B V.Nueva Corr.,B22B CORRALITOS POR GODOY CRUZ,0,3112,254,True
2829,83,,B Corr.X G.Cruz,B22B CORRALITOS X G. CRUZ MILAGROS,1,2829,255,True
2830,83,,B V.Nueva Corr.,B22B CORRALITOS X G.CRUZ MILAGROS,0,2830,255,True
2831,83,,B Corr.Km 14,B22B CORRALITOS X G. CRUZ KM 14 SAN VICENTE,1,2831,256,True
2832,83,,B  Corr.Km14,B22B CORRALITOS X G.CRUZ KM 14 SAN VICENTE,0,2832,256,True
2833,83,,C Corr.X G.Cruz,B22 CORRALITOS X GODOY CRUZ MILAGROS VEA SALCEDO,1,2833,257,True
2834,83,,C V.Nueva Corr.,B22C CORRALITOS X GODOY CRUZ MILAGROS VEA SALCEDO,0,2834,257,True
2835,83,,C Corr.Km 14,B22C CORRALITOS KM 14 VTA. RODEO,1,2835,258,True
2836,83,,C V.Nueva Corr,B22C CORRALITOS X GODOY CRUZ SALCEDO,0,2836,258,True
2837,83,,C Corr.X G.Cruz,B22C CORRALITOS X GODOY CRUZ MALVINAS SAN VICENTE,1,2837,259,True
2838,83,,C V.Nueva Corr.,B22C  CORRALITOS X G.CRUZ MALVINAS SAN VICENTE,0,2838,259,True
2841,83,,D Corr.Km14,B22 CORRALITOS X G.CRUZKM 14 GRILLI SAN VICENTE ,1,2841,262,True
2842,83,,D V.Nueva Corr.,B22D CORRALITOS X G.CRUZ GRILLI SAN VICENTE,0,2842,262,True
2843,83,,D Corr.Km14 Mil.,B22D CORRALITOS X GODOY CRUZ KM 14 MILAGROS,1,2843,263,True
2844,83,,D V.N Corr Km 14,B22D CORRALITOS X GODOY CRUZ KM 14 MILAGROS,0,2844,263,True
2846,83,,E Corr.X G.Cruz,B22E CORRALITOS X GODOY CRUZ GRILLI,1,2846,264,True
2847,83,,E V N Corr.,B22 CORRALITOS X GPDOY CRUZ GRILLI,0,2847,264,True
2850,83,,E Corr.X G.Cruz,B22E CORRALITOS X GODOY CRUZ MILAGROS VEA,1,2850,265,True
3117,83,,E V.Nueva Corr.,B22E CORRALITOS POR GODOY CRUZ MILAGROS VEA DE IDA ,0,3117,265,True
2709,84,,Sta.Ana X G.Cruz,B23 B STA ANA X G.CRUZ,1,2709,131,True
2710,84,,Sta.Ana X G.Cruz,B23 VILLA NUEVA R. DE LA CRUZ,0,2710,131,True
2985,84,,B S.Ana C.Gob,B23 B SANTA ANA X GODOY CRUZ CASA DE GOBIERNO,1,2985,134,True
2986,84,,V.Nueva R.Cruz,B23 B SANTA ANA X GODOY CRUZ CASA DE GOBIERNO ,0,2986,134,True
2845,85,,A24 Primav.X G.Cruz,A24 PRIMAVERA X GODOY CRUZ,1,2845,141,True
3098,85,,Primav.X G.Cruz,B24PRIMAVERA POR GODOY CRUZ,0,3098,141,False
2726,86,,B.Nueva X G.Cruz,B25 BUENA NUEVA X G.CRUZ ,1,2726,151,True
2727,86,,V.Nueva R. Cruz,B25 BUENA NUEVA X G. CRUZ ,0,2727,151,True
3122,86,,B.Nueva C.Gob,B25 BUENA NUEVA POR GODOY CRUZ CASA DE GOBIERNO ,1,3122,153,True
3123,86,,B23 B.Nueva C.Gob,B25 BUENA NUEVA POR GODOY CRUZ,0,3123,153,True
2733,87,,A Paraguay,B26A B PARAGUAY X G. CRUZ,1,2733,162,True
2734,87,,A Paraguay,B26A B PARAGUAY,0,2734,162,True
2989,87,,A Paraguay Roca,B26A B PARAGUAY POR GODOY CRUZ ROCA ,0,2989,163,True
2992,87,,A Paraguay Roca,B26A B PARAGUAY X GODOY CRUZ ROCA,1,2992,163,True
2993,87,,A Par. Palmeras,B26 B PARAGUAY PALMERAS,1,2993,164,True
2997,87,,A Par.Palmeras,B26 B PARAGUAY PALM. ,0,2997,164,True
2740,87,,B Paraguay Notti,B26B B PARAGUAY X NAC. HTAL. NOTTI,1,2740,165,True
3372,87,,B Paraguay Notti,B26B PARAGUAY NOTTI,0,3372,165,True
3010,87,,B Paraguay Munic.,B26 B PARAGUAY POR GODOY CRUZ MUNICIPAL,1,3010,166,True
3366,87,,B Paraguay Munic.,B26B PARAGUAY MUNICIPAL,0,3366,166,True
2754,88,,Escor.X G.Cruz,B27 B ESCORIHUELA X G. CRUZ,1,2754,197,True
2755,88,,Escor.X G.Cruz,B27 B ESCORIHUELA X G.CRUZ,0,2755,197,True
1726,89,,S.D Maipu Mendoza,Servicio Diferencial Maipú - Mendoza,1,1726,138,True
1727,89,,S.D Mendoza Maipu,Servicio Diferencial Mendoza - Maipú ,0,1727,138,True
1728,90,,Sd 3 Esq.Maip.Mza,Servicio Diferencial - Tres Esquinas - Mendoza - Maipú,1,1728,139,True
2725,90,,Sd Mendoza Maipu,Servicio Diferencial Mendoza - Maipú,0,2725,139,True
2730,91,,Sd Maipu Mendoza,Servicio Diferencial - Maipú - Mendoza - Tres Esquinas,1,2730,140,True
2736,91,,Sd Mza Maipu 3Esq.,Servicio Diferencial Mendoza - Maipú - Tres Esquinas,0,2736,140,True
2854,92,,Sd Recoaro Maip.Mza,Servicio Diferencial Recoaro - Mendoza Maipú,1,2854,141,True
2853,92,,Sd Mendoza Maipu,Servicio Diferencial Recoaro - Mendoza Maipú,0,2853,141,True
2856,93,,Sd Rec.Cem.Maip.Mza,Servicio Diferencial Recoaro - Mendoza Maipú (Entrada Cementerio Oasis de Paz),1,2856,142,True
2857,93,,Sd Mendoza Maipu,Servicio Diferencial Mendoza Maipú,0,2857,142,True
2858,94,,Sd Maipu Mendoza,Servicio Diferencial  Maipú - Mendoza,1,2858,143,True
2859,94,,Sd Mza Maip.Recoaro,Servicio Diferencial   Mendoza - Maipú - Recoaro,0,2859,143,True
2221,95,,F.Cuyo-Chac-Ctro,012 - Carrodilla - Centro Por Flor de Cuyo - Chacras de Coria,1,2221,121,True
2230,95,,Fcuyo-Casta-Ctro,012 - Centro - B  Flor de Cuyo - B  Los Castaños,0,2230,121,True
3052,95,,F.Cuyo-Ctro,012 - Carrodilla por B  Flor de Cuyo - Centro,1,3052,122,True
3053,95,,F.Cuyo-Ctro,012 - Centro - Carrodilla por B  Flor de Cuyo,0,3053,122,True
3059,95,,F.Cuyo-Chac-Ctro,012 - Carrodilla - Centro por B  Flor de Cuyo,1,3059,123,True
3060,95,,F.Cuyo-Chac-Ctro,012 - Centro - Chacras de Coria - Cementeria Parque Jardin Mendoza,0,3060,123,True
2243,96,,Ctro-Lherasxroca,013 - Carrodilla - Centro - Las Heras por Roca - Casa de Gobierno,1,2243,131,True
3061,96,,Lher.Carrodxroca,013 - Las Heras - Carrodilla por Roca,0,3061,131,True
2960,96,,Carr-Lherasxroca,013 - Carrodilla - Las Heras por Roca,1,2960,132,True
3085,96,,Lasher.Carrxroca,NULL,0,3085,132,True
2245,96,,Es - Esc. Roca,013 - Escolar Roca de las 07:20 hs,1,2245,133,False
2246,96,,Es - Esc. Roca,013-Escolar Roca7:20,0,2246,133,False
2247,96,,Es -Esc. Roca,013 - Escolar Roca de las 12:30,1,2247,134,False
2248,96,,Es - Esc. Roca,013 - Escolar Roca de las 12:30 hs,0,2248,134,False
2250,96,,Es - Esc. Roca,013 - Escolar Roca de las 17:30 hs,1,2250,135,False
2251,96,,Es - Esc. Roca,013 - Escolar Roca de las 17:30 hs,0,2251,135,False
2252,96,,Es1 - Esc.Goretti,013ES1 - Escolar Goretti - San Pablo de las 12:30 hs,1,2252,136,False
2255,96,,Es1 - Esc.Goretti,013 - Escolar Goretti - San Pablo de las 18:00 hs,0,2255,136,False
2561,97,,G.Crz.Cto.S/C.Gob,NULL,1,2561,112,True
2204,97,,Centro,NULL,1,2204,111,True
2317,97,,G.Cruz.Centro,NULL,0,2317,111,True
2562,97,,31G.Cruz.Plaza,NULL,0,2562,112,True
1690,98,,A-Carr-Cg-Ctroxfa,011A - CARRODILLA - CENTRO X FIGUEROA ALCORTA - C. GOB.,1,1690,111,True
2998,98,,A-Ctro-Carrxf.A.,011 - Centro - Carrodilla x F. Alcorta - C. Gob,0,2998,111,True
2999,98,,A-Carr-Ctro.Xf.A.,011 - Centro Carrodilla por F. Alcorta ,0,2999,112,True
3003,98,,A-Carr-Ctro.Xf.A.,011A - Carrodilla - Centro por F. Alcorta,1,3003,112,True
2994,98,,B-B21-Ctro.Xf.A.,011 - B. 21 de Julio - Carrodilla - Centro por F. Alcorta - C/Gob. ,1,2994,113,True
3000,98,,B-B21-Ctro.Xf.A.,011B-Centro - Carrodilla x F. Alcorta ,0,3000,113,True
3001,98,,A-Carr-Ctroxf.A.,011A - Centro - Carrodilla x F. Alcorta,0,3001,114,True
3004,98,,A-Carr-Ctro.Xf.A.,011-B. 21de Julio - Carrodilla - Centro x F. Alcorta ,1,3004,114,True
2995,98,,C-Ctro-B21-Carr,011C - Centro - Carrodilla x F. Alcorta - B. 21 de Julio ,0,2995,115,True
2996,98,,C-Ctro-B21-Carr,011C - Carrodilla - Centro - B. 21 de Julio x F. Alcorta - C/Gob. ,1,2996,115,True
3005,98,,C-Ctro-B21-Carr,011C - Carrodilla - Centro x F. Alcorta - B. 21 de Julio,1,3005,116,True
3006,98,,C-Ctro-B21-Carr,011C - Centro - Carrodilla x F. Alcorta - B. 21 de Julio,0,3006,116,True
2239,98,,B-B21-Ctro.Xf.A.,011 - Carrodilla-B. 21 de Julio - Centro x F. Alcorta,1,2239,117,True
2241,98,,B-B21-Ctro.Xf.A.,011 - Centro - Carrodilla x F. Alcorta - B.21 de Julio.,0,2241,117,True
2990,98,,B-B21-Ctro.Xf.A.,NULL,0,2990,118,True
2991,98,,B-B21-Ctro.Xf.A.,011 - Carrodilla-B. 21 de Julio - Centro x F. Alcorta. C./Gob.,1,2991,118,True
2218,99,,Vin.Estan.Lago.M,NULL,1,2218,142,True
2215,99,,Vin.X Oeste.Lago,NULL,1,2215,141,True
2216,99,,34-Godoy Cruz,NULL,0,2216,141,True
2219,99,,34.Estanzuela G.Cruz,NULL,0,2219,142,True
2546,99,,B Vin.Oeste.S/Unc,NULL,1,2546,143,True
2547,99,,34Vin.X.Oeste.G.Cruz,NULL,0,2547,143,True
2558,99,,B Vin.B Est.S/Unc,NULL,1,2558,144,True
2559,99,,B Vin.B Esta.Gc,NULL,0,2559,144,True
2475,99,,B Vin.Lago.B.Fuch,NULL,1,2475,145,True
2476,99,,B Vin.O.G.C.Bfuch,NULL,0,2476,145,True
2550,99,,B Ref.Vin.Unc,NULL,1,2550,162,True
2551,99,,C Ref.Vin.Est.L.A,NULL,1,2551,163,True
2552,99,,R.Vin.Est.Lic.Cto,NULL,1,2552,164,True
2553,99,,Re.Vin.O.Lic.Unc,NULL,1,2553,165,True
2211,100,,Pablo Vi Lic Unc,NULL,1,2211,151,True
2212,100,,35-Pablo Vi,NULL,0,2212,151,True
2548,100,,Ref.Liceo,NULL,1,2548,160,True
2549,100,,Ref.B.Pblov.Ctrol,NULL,1,2549,161,True
2643,101,,Foec.Xpza.Ctro,041 - Foecyt - Sarmiento x Plaza de Godoy Cruz - Estanzuela Directo,1,2643,112,True
2644,101,,Foec.Xpza.Ctro,041 - Foecyt - Sarmiento x Plaza de Godoy Cruz - Estanzuela Directo,0,2644,112,True
2645,101,,Foec.Xpza.Ctro,041 - Foecyt - Sarmiento por San Martin - Estanzuela por Plaza de Godoy Cruz,1,2645,113,True
2647,101,,Foec.Xpza.Ctro,041 - Foecyt - Sarmiento por San Martin - Estanzuela por Plaza de Godoy Cruz,0,2647,113,True
2648,101,,Foec.Dir.Ctro.,041 - Foecyt - Sarmiento por San Martín - Estanzuela por Plaza de Godoy Cruz - B  Ruiseñor,1,2648,114,True
2649,101,,Foec.Xpza.Ctro,041 - Foecyt - Sarmiento por San Martín - Estanzuela por Plaza de Godoy Cruz - B  Ruiseñor,0,2649,114,True
2650,102,,B.Fuchsxpza.Ctro,042 - B  Fuchs por Plaza de Gody Cruz,1,2650,121,True
2651,102,,B.Fuchsxpza.Ctro,042 - B  Fuchs por Plaza de Godoy Cruz,0,2651,121,True
2652,103,,Palmares.Centro,043 - Palmares x Italia - Centro - Palmares,1,2652,131,True
2653,103,,Palmares.Centro,043 - Palmares x Italia - Centro - Palmares,0,2653,131,True
2654,104,,Expresoxp.Andes,044 - Expreso por Paso de Los Andes,1,2654,141,True
2656,104,,Expresoxp.Andes,044 - Expreso por Paso de Los Andes,0,2656,141,True
2657,105,,Est.Directo.Ctro,045 - B  La Estanzuela por Plaza de Godoy Cruz - Centro - FoecYt,1,2657,151,True
2658,105,,Est.Directo.Ctro,045 - B  La Estanzuela por Plaza de Godoy Cruz - Centro - FoecYt,0,2658,151,True
2659,105,,Est-Ctrodir/Ruis,045 - Estanzuela Directo - Centro - FoecYt,1,2659,152,True
2661,105,,Estctro Dir/Ruis,045 - Estanzuela Directo - Centro - FoecYt,0,2661,152,True
2662,105,,Estctrodir/Ruis,045 - B  Ruiseñor - Estanzuela por San Martin - FOECyT,1,2662,154,True
2663,105,,Estctro Dirruis,045 - B  Ruiseñor - Estanzuela por San Martin - FOECyT,0,2663,154,True
2664,106,,Mosc.Bombal.Ctro,046 - Mosconi - Bombal - Centro - Mosconi,1,2664,161,True
2666,106,,Ctro.Bombal.Mosc,046 - Mosconi - Bombal - Centro - Mosconi,0,2666,161,True
2667,106,,Mosc.Bombal.Ctro,046 - Expreso Mosconi por Paso de Los Andes,1,2667,162,True
2668,106,,Mosc.Bombal.Ctro,046 - Mosconi Expreso por Paso de Los Andes,0,2668,162,True
3159,107,,Vinculacion O-E,047 - Servicio Vinculacion Oeste - Este,1,3159,171,True
3161,107,,Vinculacion O-E,047 - Servicio Vinculacion Oeste - Este,0,3161,171,True
2860,108,,Sd Maipu Mendoza,Servicio Diferencial  Maipú - Mendoza - Recoaro - Entrada Cementerio Oasis de Paz,1,2860,144,True
2861,108,,Sd Mza Maip.Rec.Cem.,Servicio Diferencial  Maipú - Mendoza - Recoaro - Entrada Cementerio Oasis de Paz,0,2861,144,True
1602,109,,001 Mdz Gutz,NULL,0,1602,001,True
3370,109,,001 Gutz Mdz,NULL,1,3370,001,True
2925,110,,Municip.Pza. C/G,NULL,1,2925,271,True
2946,110,,Municip.Pza. C/G,NULL,0,2946,271,False
2926,110,,Municip.Pza. C/G,NULL,1,2926,272,True
2947,110,,Municip.Pza. C/G,NULL,0,2947,272,False
2950,110,,Hosp. Carrillo,NULL,0,2950,275,True
2976,110,,Hosp. Carrillo,NULL,1,2976,275,True
2928,110,,Municip.Salta,NULL,1,2928,276,False
2930,110,,Municip.Salta,NULL,1,2930,277,True
2951,110,,Municip.X Salta,NULL,0,2951,277,True
2931,110,,Municip.Salta,NULL,1,2931,279,False
2952,110,,Municip.Salta,NULL,0,2952,279,False
3373,111,,P.M.-Centro-Unimev,NULL,0,3373,111,False
3371,111,,Unimev-Centro-P.M,NULL,1,3371,121,False
3369,111,,Unimev-Centro-P.M,NULL,1,3369,122,False
3354,111,,P.Molina-Unimev,NULL,1,3354,112,True
3359,111,,Unimev-Centro,NULL,0,3359,112,True
3353,111,,Unimev-P.Molina,NULL,1,3353,122,True
3358,111,,P.Mol.Ctro.Term,NULL,0,3358,122,True
1642,112,,Centro-Dorrego,NULL,1,1642,133,True
1643,112,,Cent-Pellegrini,NULL,1,1643,141,True
1674,112,,Gc-Lh,NULL,1,1674,153,True
1681,112,,Unc,NULL,1,1681,162,True
