"route_id","route_short_name","route_type","route_desc"
"011","011","Bus","011A-CARR-CG-CTROxFA"
"011","011","Bus","011A-Ctro-CarrxF.A. "
"011","011","Bus","011A-Carr-Ctro.xF.A."
"011","011","Bus","011A-Carr-Ctro.XF.A."
"011","011","Bus","011B-B21-Ctro.xF.A."
"011","011","Bus","011B-B21-Ctro.xF.A."
"011","011","Bus","011A-Carr-CtroxF.A."
"011","011","Bus","011A-Carr-Ctro.xF.A."
"011","011","Bus","011C-Ctro-B21-Carr"
"011","011","Bus","011C-Ctro-B21-Carr"
"011","011","Bus","011C-Ctro-B21-Carr"
"011","011","Bus","011C-Ctro-B21-Carr"
"011","011","Bus","011B-B21-Ctro.xF.A."
"011","011","Bus","011B-B21-Ctro.xF.A."
"011","011","Bus","011B-B21-Ctro.xF.A."
"011","011","Bus","011B-B21-Ctro.xF.A."
"012","012","Bus","012-F.Cuyo-Chac-Ctro"
"012","012","Bus","012-FCuyo-Casta-Ctro"
"012","012","Bus","012-F.Cuyo-Ctro"
"012","012","Bus","012-F.Cuyo-Ctro"
"012","012","Bus","012-F.Cuyo-Chac-Ctro"
"012","012","Bus","012-F.Cuyo-Chac-Ctro"
"013","013","Bus","013-Ctro-LHerasxROCA"
"013","013","Bus","013-LHer.CarrodxROCA"
"013","013","Bus","013-Carr-LHerasxROCA"
"013","013","Bus","013-LASHER.CARRxROCA"
"013","013","Bus","013ES - Esc. Roca"
"013","013","Bus","013ES - Esc. Roca"
"013","013","Bus","013ES -Esc. Roca"
"013","013","Bus","013ES - Esc. Roca"
"013","013","Bus","013ES - Esc. Roca"
"013","013","Bus","013ES - Esc. Roca"
"013","013","Bus","013ES1 - Esc.Goretti"
"013","013","Bus","013ES1 - Esc.Goretti"
"014","014","Bus","014A-Blanc.Enc.SP/GV"
"014","014","Bus","014A-Blanc Enc.SP/GV"
"014","014","Bus","014A-Bco.Enc.SP/GV"
"014","014","Bus","014A-Bco.Enc.SP/GV"
"014","014","Bus","014A-Bco.Enc.SP/GV"
"014","014","Bus","014A-Bco.Enc.SP/GV"
"014","014","Bus","014B-Bco Enc Pan."
"014","014","Bus","014B-Bco Enc Pan."
"014","014","Bus","014C-BcoEn-Pan-Sol"
"014","014","Bus","014C-BcoEn-Pan-Sol"
"014","014","Bus","014C-BcoEn-Pan-Sol"
"014","014","Bus","014C-BcoEn-Pan-Sol"
"014","014","Bus","014D-BcoEnc-Pan-Nat"
"014","014","Bus","014D-BcoEnc-Pan-Nat"
"014","014","Bus","014E-BcoEnc-Pan-Loc."
"014","014","Bus","014E-BcoEnc-Pan-Loc."
"014","014","Bus","014E-BcoEnc-Pan-Loc."
"014","014","Bus","014E-BcoEnc-Pan-Loc."
"014","014","Bus","014E-BcoEnc-Pan-Loc."
"014","014","Bus","014E-BcoEnc-Pan-Loc."
"014","014","Bus","014F-BcoEnc/Pan/Loc."
"014","014","Bus","014F-BcoEnc/Pan/Loc."
"014","014","Bus","014F-BcoEnc/Pan/Loc."
"014","014","Bus","014F-BcoEnc/Pan/Loc."
"014","014","Bus","014B-Bco Enc Pan."
"014","014","Bus","014B-Bco Enc Pan."
"014","014","Bus","014B-Bco Enc Pan."
"014","014","Bus","014B-Bco Enc Pan."
"014","014","Bus","014C-BcoEn-Pan-Sol"
"014","014","Bus","014C-BcoEn-Pan-Sol"
"014","014","Bus","014D-BcoEnc-Pan-Nat"
"014","014","Bus","014D-BcoEnc-Pan-Nat"
"014","014","Bus","014D-BcoEnc-Pan-Nat"
"014","014","Bus","014D-BcoEnc-Pan-Nat"
"014","014","Bus","014F-BcoEnc/Pan/Loc."
"014","014","Bus","014F-BcoEnc/Pan/Loc."
"015","015","Bus","015-B.Cast.-Ch.-Ctro"
"015","015","Bus","015-B.Cast.-Ch.-Ctro"
"015","015","Bus","015-B.Cast.-Ch.-Ctro"
"015","015","Bus","015-B.Cast.-Ch.-Ctro"
"015","015","Bus","015-B.Cast.-Ch.-Ctro"
"015","015","Bus","015-B.Cast.-Ch.-Ctro"
"016","016","Bus","016A-L.Ch.S EL.SMSur"
"016","016","Bus","016A-L.Ch.S EL.SMSur"
"016","016","Bus","016A-L.Ch.S EL.SMSur"
"016","016","Bus","016A-L.Ch.S EL.SMSur"
"016","016","Bus","016ES -Esc.S.Elena"
"016","016","Bus","016ES -Esc.S.Elena"
"016","016","Bus","016ES -Esc.S.Elena"
"016","016","Bus","016ES -Esc.S.Elena"
"016","016","Bus","016ES -Esc.S.Elena"
"016","016","Bus","016ES -Esc.S.Elena"
"016","016","Bus","016B-L.UNC.S.El."
"016","016","Bus","016B-L.UNC.S.El."
"016","016","Bus","016B-L.UNC.S.El."
"016","016","Bus","016B-L.UNC.S.El."
"017","017","Bus","017-B.Aler-Luj-Maipu"
"017","017","Bus","017-B.Aler-Luj-Maipu"
"017","017","Bus","017-B.Aler-Luj-Maipu"
"017","017","Bus","017-B.Aler-Luj-Maipu"
"017","017","Bus","017-B.Aler-Luj-Maipu"
"017","017","Bus","017-B.Aler-Luj-Maipu"
"018","018","Bus","018-Exp. Roca C.Gob."
"018","018","Bus","018-Exp. Roca C.Gob"
"018","018","Bus","018-Exp. Roca CGob."
"018","018","Bus","018-Exp. Roca C.Gob."
"019","019","Bus","019A-Luj.Ctro.Drumm."
"019","019","Bus","019A-Luj.Ctro.Drumm."
"019","019","Bus","019B-Lj.Huen.Ctro.Lb"
"019","019","Bus","019B-Lj.Huen.Ctro.Lb"
"019","019","Bus","019B-Lj.Huen.Ctro.Lb"
"019","019","Bus","019B-Lj.Huen.Ctro.Lb"
"019","019","Bus","019B-Lj.Huen.Ctro.Lb"
"019","019","Bus","019B-Lj.Huen.Ctro.Lb"
"019","019","Bus","019C-Lj.Ctro.Hue.SMt"
"019","019","Bus","019C-Lj.Ctro.Hue.SMt"
"019","019","Bus","019A-Luj.Ctro.Drumm."
"019","019","Bus","019A-Luj.Ctro.Drumm."
"019","019","Bus","019EX-Exp.xS.Mt/Drm"
"019","019","Bus","019EX-Exp.xS.Mt/Drm"
"019","019","Bus","019C-Lj.Ctro.Hue.SMt"
"019","019","Bus","019C-Lj.Ctro.Hue.SMt"
"019","019","Bus","019EX-Exp.xS.Mt/Drm"
"019","019","Bus","019EX-Exp.xS.Mt/Drm"
"019","019","Bus","019A-Luj.Ctro.Drumm."
"019","019","Bus","019A-Luj.Ctro.Drumm."
"019","019","Bus","019C-Lj.Ctro.Hue.SMt"
"019","019","Bus","019C-Lj.Ctro.Hue.SMt"
"031","031","Bus","031-CENTRO"
"031","031","Bus","031-G.CRUZ.CENTRO"
"031","031","Bus","031G.CRZ.CTO.S/C.GOB"
"031","031","Bus","31G.CRUZ.PLAZA"
"032","032","Bus","032-ESTANZUELA CNTRO"
"032","032","Bus","032-ESTANZUELA"
"032","032","Bus","032BES.XPASO.S/C.GOB"
"032","032","Bus","32EST.G.CRUZ"
"033","033","Bus","033-GODOY CRUZ"
"033","033","Bus","033-LAS HERAS"
"034","034","Bus","034-VIN.X OESTE.LAGO"
"034","034","Bus","34-GODOY CRUZ"
"034","034","Bus","034-VIN.ESTAN.LAGO.M"
"034","034","Bus","34.ESTANZUELA G.CRUZ"
"034","034","Bus","34VIN.X.OESTE.G.CRUZ"
"034","034","Bus","034B VIN.OESTE.S/UNC"
"034","034","Bus","034B VIN.B EST.S/UNC"
"034","034","Bus","034B VIN.B ESTA.GC"
"034","034","Bus","034B VIN.LAGO.B.FUCH"
"034","034","Bus","034B VIN.O.G.C.BFUCH"
"034","034","Bus","034B REF.VIN.UNC"
"034","034","Bus","034C REF.VIN.EST.L.A"
"034","034","Bus","034R.VIN.EST.LIC.CTO"
"034","034","Bus","034RE.VIN.O.LIC.UNC"
"035","035","Bus","035-PABLO VI LIC UNC"
"035","035","Bus","35-PABLO VI"
"035","035","Bus","035 REF.LICEO"
"035","035","Bus","035REF.B.PBLOV.CTROL"
"041","041","Bus","041-Foec.xPza.Ctro"
"041","041","Bus","041-Foec.xPza.Ctro"
"041","041","Bus","041-Foec.xPza.Ctro"
"041","041","Bus","041-Foec.xPza.Ctro"
"041","041","Bus","041-Foec.Dir.Ctro."
"041","041","Bus","041-Foec.xPza.Ctro"
"042","042","Bus","042-B.FuchsXPza.Ctro"
"042","042","Bus","042-B.FuchsXPza.Ctro"
"043","043","Bus","043-Palmares.Centro"
"043","043","Bus","043-Palmares.Centro"
"044","044","Bus","044-ExpresoXP.Andes"
"044","044","Bus","044-ExpresoXP.Andes"
"045","045","Bus","045-Est.Directo.Ctro"
"045","045","Bus","045-Est.Directo.Ctro"
"045","045","Bus","045-Est-CtroDir/Ruis"
"045","045","Bus","045-EstCtro Dir/Ruis"
"045","045","Bus","045-EstCtroDir/Ruis "
"045","045","Bus","045-EstCtro DirRuis"
"046","046","Bus","046-Mosc.Bombal.Ctro"
"046","046","Bus","046-Ctro.Bombal.Mosc"
"046","046","Bus","046-Mosc.Bombal.Ctro"
"046","046","Bus","046-Mosc.Bombal.Ctro"
"047","047","Bus","047-Vinculacion O-E"
"047","047","Bus","047-Vinculacion O-E"
"051","051","Bus","051A S.ANA-PQUE"
"051","051","Bus","051A S.ANA-PQUE"
"051","051","Bus","051A S.ANA-PQUE"
"051","051","Bus","051A S.ANA-PQUE"
"051","051","Bus","051A S.ANA-PQUE"
"051","051","Bus","051A S.ANA-PQUE"
"051","051","Bus","051B S.ANA-SHOP-PQUE"
"051","051","Bus","051B S.ANA-SHOP-PQUE"
"051","051","Bus","051B S.ANA-SHOP-PQUE"
"051","051","Bus","051B S.ANA-SHOP-PQUE"
"052","052","Bus","052A MUN-SLNZO-C.GOB"
"052","052","Bus","052A MUN-SLNZO-C.GOB"
"052","052","Bus","052A MUN-SLNZO-C.GOB"
"052","052","Bus","052A MUN-SLNZO-C.GOB"
"052","052","Bus","052A MUN-SLNZO-C.GOB"
"052","052","Bus","052A MUN-SLNZO-C.GOB"
"052","052","Bus","052B MUN-S.LNZO-MUN"
"052","052","Bus","052B MUN-S.LNZO-MUN"
"052","052","Bus","052B MUN-S.LNZO-MUN"
"052","052","Bus","052B MUN-S.LNZO-MUN"
"052","052","Bus","052B MUN-S.LNZO-MUN"
"052","052","Bus","052B MUN-S.LNZO-MUN"
"052","052","Bus","052C S.LNZO-H.L-UNC"
"052","052","Bus","052C S.LNZO-H.L-UNC"
"052","052","Bus","052C S.LNZO-H.L-UNC"
"052","052","Bus","052C S.LNZO-H.L-UNC"
"052","052","Bus","052C S.LNZO-H.L-UNC"
"052","052","Bus","052C S.LNZO-H.L-UNC"
"052","052","Bus","052D S.LNZO-UNC-LIC"
"052","052","Bus","052D S.LNZO-UNC-LIC"
"053","053","Bus","053A MUN-BELGR-C.GOB"
"053","053","Bus","053A MUN-BELGR-C.GOB"
"053","053","Bus","053A MUN-BELGR-C.GOB"
"053","053","Bus","053A MUN-BELGR-C.GOB"
"053","053","Bus","053A MUN-BELGR-C.GOB"
"053","053","Bus","053A MUN-BELGR-C.GOB"
"053","053","Bus","053B MUN-BELGRANO"
"053","053","Bus","053B MUN-BELGRANO"
"053","053","Bus","053B MUN-BELGRANO"
"053","053","Bus","053B MUN-BELGRANO"
"053","053","Bus","053B MUN-BELGRANO"
"053","053","Bus","053B MUN-BELGRANO"
"053","053","Bus","053C BELGNO-H.L-UNC"
"053","053","Bus","053C BELGNO-H.L-UNC"
"053","053","Bus","053C BELGNO-H.L-UNC"
"053","053","Bus","053C BELGNO-H.L-UNC"
"053","053","Bus","053C BELGNO-H.L-UNC"
"053","053","Bus","053C BELGNO-H.L-UNC"
"053","053","Bus","053D BEL-H.L-UNC-LIC"
"053","053","Bus","053D BEL-H.L-UNC-LIC"
"054","054","Bus","054A MUN-BERM.CTRO"
"054","054","Bus","054A MUN-BERM.CTRO"
"054","054","Bus","054A MUN-BERM.CTRO"
"054","054","Bus","054A MUN-BERM.CTRO"
"054","054","Bus","054A MUN-BERM.CTRO"
"054","054","Bus","054A MUN-BERM.CTRO"
"054","054","Bus","054B MN-ESC-BERM-GOB"
"054","054","Bus","054B MN-ESC-BERM-GOB"
"054","054","Bus","054B MN-ESC-BERM-GOB"
"054","054","Bus","054B MN-ESC-BERM-GOB"
"054","054","Bus","054B MN-ESC-BERM-GOB"
"054","054","Bus","054B MN-ESC-BERM-GOB"
"054","054","Bus","054C BERM-CTRO-GOB"
"054","054","Bus","054C BERM-CTRO-GOB"
"054","054","Bus","054C BERM-CTRO-GOB"
"054","054","Bus","054C BERM-CTRO-GOB"
"054","054","Bus","054D CTRO-H.LAGO.UNC"
"054","054","Bus","054D CTRO-H.LAGO.UNC"
"054","054","Bus","054D CTRO-H.LAGO.UNC"
"054","054","Bus","054F CARMEN-CENTRO"
"054","054","Bus","054F CARMEN-CENTRO"
"054","054","Bus","054F CARMEN-CENTRO"
"054","054","Bus","054G COL.HS.GOB.CTRO"
"054","054","Bus","054G COL.HS.GOB.CTRO"
"054","054","Bus","054G COL.HS.GOB.CTRO"
"054","054","Bus","054H C.SEG.-CENTRO"
"054","054","Bus","054H C.SEG.-CENTRO"
"054","054","Bus","054H C.SEG.-CENTRO"
"054","054","Bus","054H C.SEG.-CENTRO"
"054","054","Bus","054H C.SEG.-CENTRO"
"054","054","Bus","054I C.SEGOVIA-CTRO"
"054","054","Bus","054I C.SEGOVIA-CTRO"
"054","054","Bus","054I C.SEGOVIA-CTRO"
"054","054","Bus","054I C.SEGOVIA-CTRO"
"054","054","Bus","054I C.SEGOVIA-CTRO"
"054","054","Bus","054I C.SEGOVIA-CTRO"
"054","054","Bus","054J BERM-ESC.CART "
"054","054","Bus","054J BERM-ESC.CART "
"054","054","Bus","054J BERM-ESC.CART "
"054","054","Bus","054J BERM-ESC.CART "
"054","054","Bus","054J BERM-ESC.CART "
"054","054","Bus","054K-M.C.NIEVE.CTRO"
"054","054","Bus","054K-MC.NIEVE.CTRO"
"054","054","Bus","054K-M.C.NIEVE.CTRO"
"054","054","Bus","054K-M.C.NIEVE.CTRO"
"055","055","Bus","055A CENTRO-C.MOLINA"
"055","055","Bus","055A CENTRO-C.MOLINA"
"055","055","Bus","055A CENTRO-C.MOLINA"
"055","055","Bus","055B-CTRO.COL SEG."
"055","055","Bus","055B-CTRO.COL SEG."
"055","055","Bus","055B-CTRO.COL SEG."
"055","055","Bus","055C CENTRO-C.SEG."
"055","055","Bus","055C CENTRO-C.SEG."
"055","055","Bus","055C CENTRO-C.SEG."
"055","055","Bus","055D-COLONIA H.SAUCE"
"055","055","Bus","055D-COLONIA H.SAUCE"
"055","055","Bus","055D-COLONIA H.SAUCE"
"055","055","Bus","055F MUN-B CARMEN"
"055","055","Bus","055F MUN-B CARMEN"
"055","055","Bus","055F MUN-B CARMEN"
"055","055","Bus","055G C.SEG-HS-CARMEN"
"055","055","Bus","055G C.SEG-HS-CARMEN"
"055","055","Bus","055G C.SEG-HS-CARMEN"
"055","055","Bus","055H C.MOLINA-CENTRO"
"055","055","Bus","055H C.MOLINA-CENTRO"
"055","055","Bus","055H C.MOLINA-CENTRO"
"055","055","Bus","055H C.MOLINA-CENTRO"
"055","055","Bus","055H C.MOLINA-CTRO "
"055","055","Bus","055I BERM-CTRO-GOB"
"055","055","Bus","055I BERM-CTRO-GOB"
"055","055","Bus","055I BERM-CTRO-GOB"
"055","055","Bus","055I BERM-CTRO-GOB"
"055","055","Bus","055I BERM-CTRO-GOB"
"055","055","Bus","055I BERM-CTRO-GOB"
"055","055","Bus","055J-CENTROxCALLE 7"
"055","055","Bus","055J-CENTROxCALLE 7"
"055","055","Bus","055J-CENTROxCALLE 7"
"055","055","Bus","055J-CENTROxCALLE 7"
"056","056","Bus","056A COL-ALAM-C.GOB"
"056","056","Bus","056A COL-ALAM-C.GOB"
"056","056","Bus","056A COL-ALAM-C.GOB"
"056","056","Bus","056A COL-ALAM-C.GOB"
"056","056","Bus","056B ALAM-GOB-CTRO"
"056","056","Bus","056B ALAM-GOB-CTRO"
"056","056","Bus","056B ALAM-GOB-CTRO"
"056","056","Bus","056C ALA-E POUG-CAR"
"056","056","Bus","056C ALA-E POUG-CAR"
"056","056","Bus","056C ALA-E POUG-CAR"
"056","056","Bus","056D-ALAM-EL CARMEN"
"056","056","Bus","056D-ALAM-EL CARMEN"
"061","061","Bus","061 M.HOYOS VANDOR"
"061","061","Bus","061 M.HOYOS VANDOR"
"061","061","Bus","061 Vand S.Y Sierr"
"061","061","Bus","061 S Y SIERRA VANDO"
"061","061","Bus","61 BAJADA VANDOR"
"061","061","Bus","61BAJADA SOL Y SIER"
"061","061","Bus","061 BORBOLL SY SIERR"
"061","061","Bus","061 S.Y SIERR BORB"
"062","062","Bus","062A M.HOYOS BELG "
"062","062","Bus","062A M.HOYOS BELG"
"062","062","Bus","062B H.MORAL H.UNC"
"062","062","Bus","062A M.HOY.MOR.CTROL"
"062","062","Bus","062B MHOSP.UNC C.G"
"062","062","Bus","062B M.H MOR.CTROL"
"062","062","Bus","062B M.H.MoH.UNC C.G"
"062","062","Bus","062B MHO HOSP. S/CG"
"062","062","Bus","062B MHOY H.PIRA SCG"
"062","062","Bus","062C M.H.SEUR B.S.M."
"062","062","Bus","062C M.H.SEUREK SC.G"
"063","063","Bus","063A I.PATRI SIN C.G"
"063","063","Bus","063A INDEP.CONTROL"
"063","063","Bus","063A IND.PATRI C.GOB"
"063","063","Bus","063A INDEP.CONTROL"
"063","063","Bus","063B IND.AER.SIN C.G"
"063","063","Bus","063B AEROP.CONTROL"
"063","063","Bus","063B IND.AEROP.C.GOB"
"063","063","Bus","063B IND.AER.CTROL"
"063","063","Bus","063B INEP.HOSP.S.CG"
"063","063","Bus","063B IND.HOSP SIN CG"
"063","063","Bus","063C IND.HOSP.S.CG"
"063","063","Bus","063C INDP H.S/CG BSM"
"063","063","Bus","063C IND.H UNC C.CG"
"063","063","Bus","063C IND.H UNC C/CG"
"063","063","Bus","063D IND.PATR S.CG "
"063","063","Bus","063D IND.PC.CG C.PI"
"063","063","Bus","063A IND.PATR.SCGPI"
"063","063","Bus","063A IND.PATR.CGPI"
"064","064","Bus","064A UJEMVI S/C.GOB"
"064","064","Bus","064A UJEMVI S/C.GOB"
"064","064","Bus","064A UJEMVI C/C.GOB"
"064","064","Bus","064A UJEMVI C/C.GOB"
"065","065","Bus","065A 1 DE MAYO"
"065","065","Bus","065A 1 DE MAYO"
"066","066","Bus","066A DOR MATHEU-S/CG"
"066","066","Bus","066A DOR-MATHEU-S/CG"
"066","066","Bus","66 DORR-MATHEU-C/CG"
"066","066","Bus","066A DOR-MATHEU-S/CG"
"067","067","Bus","067A EXP DORR S/CG"
"067","067","Bus","067A EXP DORR S/CG"
"067","067","Bus","067A EXP-DOR C/CGOB"
"067","067","Bus","067A EXP DOR C/CGOB"
"068","068","Bus","068A ORTIZ S/CG"
"068","068","Bus","068A ORTIZ S/CG"
"068","068","Bus","068A ORTIZ C/CG"
"068","068","Bus","068A ORTIZ C/CG"
"069","069","Bus","069A HOSP. NOTTI"
"069","069","Bus","069A HOSP. NOTTI"
"069","069","Bus","069 MUNI LAS HER"
"069","069","Bus","069 MUNI LAS HERAS"
"071","071","Bus","071A GLLEN-G.CxTER"
"071","071","Bus","071A GLLEN-G.CxTER"
"071","071","Bus","071A GLLEN-G.CxTER"
"071","071","Bus","071A GLLEN-G.CxTER"
"071","071","Bus","071B GLLEN-GC-GOBxOB"
"071","071","Bus","071B GLLEN-GC-GOBxOB"
"071","071","Bus","071B GLLEN-GC-GOBxOB"
"071","071","Bus","071B GLLEN-GC-GOBxOB"
"072","072","Bus","072C S.IGN-TER-CGOB"
"072","072","Bus","072C S.IGN-TER-C.GOB"
"072","072","Bus","072C S.IGN-TER-C.GOB"
"072","072","Bus","072C S.IGN-TER-C.GOB"
"072","072","Bus","072F S.IGN COLON GOB"
"072","072","Bus","072F S.IGN-COLON-GOB"
"072","072","Bus","072F S.IGN-COLON-GOB"
"072","072","Bus","072F S.IGN-COLON-GOB"
"073","073","Bus","073A B°SUPE/Jud/C.G."
"073","073","Bus","073A B°SUPE/Jud/C.G."
"073","073","Bus","073A B°SUPE-Jud-C.G."
"073","073","Bus","073B B°SUPE/Jud/C.G."
"073","073","Bus","073B B°SUPE/Jud/C.G."
"073","073","Bus","073B B°SUPE/Jud/C.G."
"073","073","Bus","073C B°SUPE-Jud-C.G."
"073","073","Bus","073C B°SUPE/Jud-C.G."
"074","074","Bus","074A B°SUPE-Jud-C.G."
"074","074","Bus","074A B°SUPE/Jud/C.G."
"074","074","Bus","074A B°SUPE/Jud/C.G."
"074","074","Bus","074B B°SUPE/Jud/C.G."
"074","074","Bus","074B B°SUPE-Jud-C.G."
"074","074","Bus","074B B°SUPE/Jud/C.G."
"074","074","Bus","074C B°SUPE/Jud/C.G."
"074","074","Bus","074C B°SUPE/Jud/C.G."
"075","075","Bus","075A SUPE-PLAZA G.C."
"075","075","Bus","075A SUPE-PLAZA G.C."
"075","075","Bus","075A SUPE-PLAZA G.C."
"075","075","Bus","075A SUPE-PLAZA G.C."
"076","076","Bus","076A EXPR/SUPE/CTRO"
"076","076","Bus","076A EXPR-SUPE-CTRO"
"076","076","Bus","076A EXPR/SUPE-CTRO"
"081","081","Bus","081-Roca x SMartin"
"081","081","Bus","081-Roca x SMartin"
"081","081","Bus","081-Roca x SMartin "
"081","081","Bus","081 Roca x SanMartín"
"082","082","Bus","082-S. Miguel C.Gob"
"082","082","Bus","082-San Miguel C.Gob"
"082","082","Bus","082-San Miguel C.Gob"
"082","082","Bus","082-San Miguel C.Gob"
"083","083","Bus","083 Finca González"
"083","083","Bus","083 Finca González"
"083","083","Bus","083-Finca González  "
"083","083","Bus","083 Finca González"
"084","084","Bus","084 Minetti"
"084","084","Bus","084 Minetti"
"084","084","Bus","084-Minetti  "
"084","084","Bus","084 Minetti"
"086","086","Bus","086-Espejo Casa Gob."
"086","086","Bus","086-Espejo Casa Gob."
"086","086","Bus","086-Espejo Casa Gob."
"086","086","Bus","086-Espejo Casa Gob."
"087","087","Bus","087-Municip.Pza. C/G"
"087","087","Bus","087-Municip.Pza. C/G"
"087","087","Bus","087-Municip.Pza. C/G"
"087","087","Bus","087-Municip.Pza. C/G"
"087","087","Bus","087 Hosp. Carrillo"
"087","087","Bus","087 Hosp. Carrillo"
"087","087","Bus","087-Municip.Salta"
"087","087","Bus","087-Municip.Salta"
"087","087","Bus","087 Municip.x Salta"
"087","087","Bus","087-Municip.Salta"
"087","087","Bus","087-Municip.Salta"
"088","088","Bus","088-Shopping - Notti"
"088","088","Bus","088 Shopping - Notti"
"091","091","Bus","091A S.Mart SC.Gob"
"091","091","Bus","091A S.Mart.SC.Gob"
"091","091","Bus","091A S.MART-C.GOB"
"091","091","Bus","091A S.Mart C/Gob"
"091","091","Bus","091B Ba S Mar NOTT"
"091","091","Bus","091B S MAR NOTT C8"
"091","091","Bus","091B BSMAR NOTTI"
"091","091","Bus","091B S MAR NOTTI "
"091","091","Bus","091B VIAJ UNC S M"
"091","091","Bus","091B UNC VIAJANTES"
"092","092","Bus","092A Ba. MUNICIP"
"092","092","Bus","092A Ba MUNICIP "
"092","092","Bus","092A Ba.MUN PELUQ"
"092","092","Bus","092A Ba. PELUQ "
"092","092","Bus","092A Ba. MUNI NOTT"
"092","092","Bus","092A Ba.MUNI NOTTI"
"092","092","Bus","092B B MUN INF UNC"
"092","092","Bus","092B MUNI HOSP UNC"
"092","092","Bus","092B INFAN MUNIC"
"092","092","Bus","092B MUNIC INFANT"
"092","092","Bus","092EX EXPR RECONQ"
"092","092","Bus","092EX EXPR RECONQ"
"092","092","Bus","092B UNC LIC AGRIC"
"092","092","Bus","092B LIC UNC MUNI"
"092","092","Bus","ESC CHAMPAGNAT VTA"
"092","092","Bus","092ES ESC CHAMPA IDA"
"092","092","Bus","092EX MUNIC S/C.GOB"
"092","092","Bus","092EX RECONQ S/CG"
"092","092","Bus","092ES ESC PAROIS"
"092","092","Bus","092ES ESC PAROIS VTA"
"092","092","Bus","092ES ESC PAROIS VTA"
"092","092","Bus","092ES ESC PAROIS IDA"
"093","093","Bus","093 CEMENT VIAJAN"
"093","093","Bus","093 CEMENT VIAJAN"
"093","093","Bus","093 CEMENT C/CGOB"
"093","093","Bus","093  VIAJANT C/GOB"
"093","093","Bus","093 CEM-MANZOTTI"
"093","093","Bus","093 ESC. MANZOTTI"
"093","093","Bus","093ES CEMEN MANZO "
"093","093","Bus","093ES ESC MANZO VIAJ"
"094","094","Bus","094 INFANTA S CG"
"094","094","Bus","094 BARRIO INFANTA "
"094","094","Bus","094 INFANTA C/C GOB"
"094","094","Bus","094 INFANTA C GOB"
"101","101","Bus","101 CADORE-CTRO-CGO"
"101","101","Bus","101 CENTRO  B CADORE"
"101","101","Bus","101 CADORE CENTRO"
"101","101","Bus","101 CENTRO-B CADORE"
"102","102","Bus","102 S.CAYET-CG-HOSP"
"102","102","Bus","102 CAYE-6SEC-CG HOS"
"102","102","Bus","102 6ta SECC H LAGO "
"102","102","Bus","102 6ta DORREGO"
"103","103","Bus","103 Naza-UNC-liceo"
"103","103","Bus","103 NAZA-UNC-L.AGRI"
"103","103","Bus","103 NAZ-UNC-JBJUS-LI"
"103","103","Bus","103 NAZ-UNC-JBJUS-LI"
"103","103","Bus","103 NA-QI-UNI-UNC-LI"
"103","103","Bus","103 NA-QI-UNI-UNC-LI"
"103","103","Bus","103 NAZ-S/UNC X BARR"
"103","103","Bus","103 NAZ-S/UNC X BARR"
"103","103","Bus","103 NA-S/UNC X JBJUS"
"103","103","Bus","103 NA-S/UNC X JBJUS"
"103","103","Bus","103 NA-QUI-DAD S/UNC"
"103","103","Bus","103 NA-QUI-DAD.S/UNC"
"103","103","Bus","103 NA-QUI-UNC S/DAD"
"103","103","Bus","103 NA-QUI-UNC S/DAD"
"103","103","Bus","103 NA-UNC X BARR-LI"
"103","103","Bus","103 NA-UNC X BARR-LI"
"103","103","Bus","103 NA-UNCxJBJ-LI SC"
"103","103","Bus","103 NA-UNCxJBJ-LI.SC"
"104","104","Bus","104 UNIMEV-BANC CG"
"104","104","Bus","104 BANCAR CG UNIMEV"
"104","104","Bus","104 UNIMEV BANC S CG"
"104","104","Bus","104 UNIMEV-BANC-S/CG"
"111","111","Bus","111 C.HIPICO-E.G.B."
"111","111","Bus","111 FAV-UNC-H.CTRAL"
"111","111","Bus","111 C.HIP-EGB-B OLIV"
"111","111","Bus","111 CTRO-LH-H.CTRAL"
"111","111","Bus","111C HIPICO.OLIVARES"
"111","111","Bus","111 CTRO-LH-xH.CTRAL"
"114","114","Bus","114-115 SANID CHALL"
"114","114","Bus","114-115 CHALLAO CTRO"
"114","114","Bus","114SDAD.CHALL.S.ISID"
"114","114","Bus","114SDAD.CTRO"
"116","116","Bus","116-B.Matheu-UNC-Zoo"
"116","116","Bus","116-B.Mat.-UNC-Zoo"
"116","116","Bus","116-B.Mat.-UNC-Zoo"
"116","116","Bus","116-B.Mat.-UNC-Zoo"
"121","121","Bus","121 B La Glo x R.P."
"121","121","Bus","121 B La Gloria x RP"
"121","121","Bus","121 9Jul-Als-C.IMPSA"
"121","121","Bus","121 B LGLOR-9JUL-ALS"
"122","122","Bus","122 B LA GLO-P.OLIVE"
"122","122","Bus","122 B LA GLO-P.OLIVE"
"123","123","Bus","123 B ANT. GC CTRO"
"123","123","Bus","123 B ANT PLA G/CRUZ"
"124","124","Bus","124 DIRECTO ACC SUR"
"124","124","Bus","124 LA GLOR ACC SUR"
"124","124","Bus","124 B L.Glor-Dir-Cos"
"124","124","Bus","124 B L.Glo-Dir-Cost"
"125","125","Bus","125 B LA GLO V NUEVA"
"125","125","Bus","125 V NUE LA GLORIA"
"131","131","Bus","131 B VICT ACC.NOR"
"131","131","Bus","131B VICT ACC.NOR"
"131","131","Bus","131A BORB-CTRO X ACC"
"131","131","Bus","131A BORB X ACC"
"131","131","Bus","131A BORB X ACC"
"131","131","Bus","131B CUYAN X ACC N"
"131","131","Bus","131B CUYAN X ACC N"
"131","131","Bus","131B CUYANITA BORBO"
"131","131","Bus","131B CUYANITA BORBO"
"132","132","Bus","132 B VIC PZA LS HS"
"132","132","Bus","132 B VIC PZA LS HS"
"133","133","Bus","133A B VICT X MAIPU"
"133","133","Bus","133A B VICT X MAIPU"
"133","133","Bus","133A B VICT C/GOB"
"133","133","Bus","133A B VIC X MPU C.G"
"133","133","Bus","133A B VICT X ZAPATA"
"133","133","Bus","133A B VIC. X ZAPATA"
"133","133","Bus","133B BORBO X C MAIPU"
"133","133","Bus","133B BORB X C MAIPU"
"133","133","Bus","133B BORB X MAIPU CG"
"133","133","Bus","133B BORB X MAIPU CG"
"133","133","Bus","133B BORB MPU CUY"
"133","133","Bus","133B BORB A CUY"
"133","133","Bus","133C ALG CTRO MPU V"
"133","133","Bus","133C ALG CTRO MPO V"
"133","133","Bus","133D VIC CEN MPU AL"
"133","133","Bus","133D VI CTRO MPU ALG"
"133","133","Bus","133D VIC ALG ZAPATA"
"133","133","Bus","133D VIC ALG ZAP"
"133","133","Bus","133C ALG ABA VICT CG"
"133","133","Bus","133C ALG VIC CG MPU"
"133","133","Bus","133E BORBOLL.ZAPATA"
"133","133","Bus","133E BORBO X ZAPATA"
"133","133","Bus","133D VIC LA PEGA"
"133","133","Bus","133D CENT ALG PEGA"
"133","133","Bus","133C ALG PEGA CTRO "
"133","133","Bus","133C ALG PEGA CTRO"
"151","151","Bus","151-MPU-MZA LIN/TERR"
"151","151","Bus","151-MZA-MAIPU TERR"
"151","151","Bus","151 MPU PTE OLIV MZA"
"151","151","Bus","151 MZA PTE OLI MPU"
"151","151","Bus","151-PTE OLIVE C GOB"
"151","151","Bus","151-MZA P OLIVE MPU"
"151","151","Bus","151 ESCOL VIEYTES"
"151","151","Bus","151 ESCOL VIEYTES"
"151","151","Bus","ESC.VIRG CAR DE CUYO"
"151","151","Bus","ESC.VIRG CARM CUYO"
"151","151","Bus","ESC.VIEYTES TARDE"
"151","151","Bus","ESC IVCC TARDE"
"151","151","Bus","151 ESCOL IVCC "
"151","151","Bus","151 ESCOL IVCC "
"151","151","Bus","ESCOLAR VIEYTES"
"151","151","Bus","151-MPU BDO PTE OL"
"151","151","Bus","151-MZA PTE O BDO MP"
"152","152","Bus","152MZA-AC S-TERR-MPU"
"152","152","Bus","152MPU MZA TER ACC S"
"153","153","Bus","153 MAIPU-MZA x MAZA"
"153","153","Bus","153 MZA-MAIPU x MAZA"
"153","153","Bus","153 MPU-MZA-CGOB-MAZ"
"153","153","Bus","153 MAIPU-MZA-MAZA"
"155","155","Bus","155 MPU MZA EXP.MAZA"
"155","155","Bus","155 MZA-MPU EXP.MAZA"
"161","161","Bus","161-MAIP-EXP.URQ-MZA"
"161","161","Bus","161-MZA-EXP.URQ-MAIP"
"161","161","Bus","161 MPU-EXP.STEA-MZA"
"161","161","Bus","161-MZ-EXP.STEA-MAIP"
"162","162","Bus","162 MAIP H ITAL MZA"
"162","162","Bus","162A MENDOZA MAIPU "
"162","162","Bus","162-T.SOSA-HOSP.ITAL"
"162","162","Bus","162A-H.ITAL.B.T.SOSA"
"162","162","Bus","162-MAL T SOSA MZA"
"162","162","Bus","162C-MZA-TROP.S-MAL"
"162","162","Bus","162-C.GOB-REF.TERR"
"162","162","Bus","162-REF.TERR-C.GOB."
"162","162","Bus","162-MPU-MZA-C.GOB"
"162","162","Bus","162B MENDOZA MAIPU"
"162","162","Bus","162 PESCARA H IT MZA"
"162","162","Bus","162B PESCARA MAIPU"
"162","162","Bus","162-BOEDO MAIPU"
"162","162","Bus","162 M Y T SOSA MZA"
"162","162","Bus","162C MZA MAL T.S.MPU"
"162","162","Bus","162C Ref.CG C Rioja"
"162","162","Bus","162C Ref.CG C Rioja"
"162","162","Bus","162 BOEDO C.GOB MZA"
"162","162","Bus","162 BOEDO C-GOB MPU"
"163","163","Bus","163 MAIPU-MZA P.NAZ"
"163","163","Bus","163 MZA-MAIPU X NAZ"
"163","163","Bus","163-NAZARENO-CENTRO"
"163","163","Bus","163 NAZARENO-VUELTA"
"165","165","Bus","ESC COMERCIO COQUIM"
"165","165","Bus","ESC COMERCIO S EDUAR"
"165","165","Bus","165 LOC COQ MPU"
"165","165","Bus","165 MPU COQUIMBITO"
"165","165","Bus","ESC.GABRIELLI(maña)"
"165","165","Bus","ESC.GABRIELLI"
"165","165","Bus","ESC GABRIELLI CORTO"
"165","165","Bus","165ES Esc. Gabriell"
"165","165","Bus","LOCAL ESC.GABR LAR"
"165","165","Bus","ESCOLAR GABRIELI"
"165","165","Bus","165 coq. san eduardo"
"165","165","Bus","LOCAL COQUIM LUZUR"
"166","166","Bus","166 UTMA S CAY P.VA"
"166","166","Bus","166 UTMA-S.CAY-P.VAR"
"166","166","Bus","166 UTMA-S.CAY-LAMA"
"166","166","Bus","166 UTMA-S.CAY-LAMA"
"166","166","Bus","163 UTMA ANTAR"
"166","166","Bus","166 B ANTA-CTRO-DORR"
"166","166","Bus","166 NAZ-CG X DORR"
"166","166","Bus","166 NAZAR CG XDORR"
"171","171","Bus","171 MPU.COQ.R.CR.MZA"
"171","171","Bus","171 MPU.COQ.R.CRZ.MZ"
"171","171","Bus","171 Mpu.R.Cruz-Mza"
"171","171","Bus","171 Maipu.R.Cruz-Mdz"
"171","171","Bus","171 V.VIÑ.GUTIERR.LC"
"171","171","Bus","171 Z.ALCOH.GUT.MPU"
"171","171","Bus","171 MPU.RPEÑA.MDZ"
"171","171","Bus","171 R.CRUZ GUT.MAIPU"
"171","171","Bus","171 Maipú-R.Peña-Mdz"
"171","171","Bus","171 Mdz-R.Cruz-MPU"
"171","171","Bus","171 R.CRUZ V.VIÑEDO"
"171","171","Bus","171 MAIPÚ.R.CRUZ.MDZ"
"171","171","Bus","171 R.CRUZ MZA"
"171","171","Bus","171 RCRUZ V.VIÑ.GUT"
"171","171","Bus","171 R.CRUZ V.NUV.MZA"
"171","171","Bus","171 R.CRUZ GUT.MAIPU"
"171","171","Bus","171 RCRUZ V.NUV.MZ"
"171","171","Bus","171 MPU.VIÑ.RCRUZ.MZ"
"171","171","Bus","171 MZ.RCRUZ.VVIÑEDO"
"171","171","Bus","171 MPU.VIÑ.RCRUZ.MZ"
"171","171","Bus","171 MPU.VIÑ.RCRUZ.MZ"
"171","171","Bus","171 MPU.VIÑ.RCRUZ.MZ"
"171","171","Bus","171 MZ.RCRUZ.MPU"
"171","171","Bus","171 MPU.VIÑ.RCRUZ.MZ"
"171","171","Bus","171 MZ.RCRUZ.VIÑ.MPU"
"171","171","Bus","171 V.VIÑ.RCRUZ MZ"
"171","171","Bus","171 MZ V.NVA.RCRUZ"
"171","171","Bus","171 R.CRUZ GUTIERR."
"172","172","Bus","172 Maipu-R.Cruz-Mdz"
"172","172","Bus","172 Mpu-R.Cruz-Mdz"
"172","172","Bus","172V.NUEV.R.CRUZ MZA"
"172","172","Bus","172Maipú-R.Cruz-Mdz"
"172","172","Bus","172Mdz-R.Cruz-Maipú"
"172","172","Bus","172- MPU.R.PEÑA.MDZ"
"172","172","Bus","172 MDZ.R.CRUZ.MPU"
"172","172","Bus","172 MPU R.PEÑA.R.MDZ"
"172","172","Bus","172MDZ.R.CRUZ.MAIPÚ"
"172","172","Bus","172 MDZ.R.CRUZ.MPÚ"
"172","172","Bus","172 MAIPÚ.R.PEÑA.MDZ"
"172","172","Bus","172 MDZ.R.CRUZ.MPÚ"
"172","172","Bus","172 MAIPÚ.R.PEÑA.MDZ"
"172","172","Bus","172 R.CRUZ.MDZ"
"172","172","Bus","MDZ.R.CRUZ.MAIPÚ"
"172","172","Bus","172 COQ.R.CRUZ MZA"
"172","172","Bus","172 R.CRUZ MZA"
"172","172","Bus","172CENS-MPU R.C.MZA"
"173","173","Bus","173 MDZ.R.PEÑA.MAIPÚ"
"173","173","Bus","173MZ GCR.V.VIÑ Mpu."
"173","173","Bus","173 R.CRUZ.MDZ"
"173","173","Bus","173 R.Cruz-Mdz"
"173","173","Bus","173Mz-Rutt.Ort-Mpu"
"173","173","Bus","MAIPÚ.R.CRUZ.MDZ"
"173","173","Bus","173B MZ.Z.ALC.ORT"
"173","173","Bus","173 MZ GCRUZ.COQ.MPU"
"173","173","Bus","173 R.Cruz-Mdz"
"173","173","Bus","173 R.Cruz-Mdz "
"173","173","Bus","173 Mz-Rutt.Ort-MPU"
"173","173","Bus","173 R.de la Cruz-Mdz"
"173","173","Bus","173 Mdz.Z.Alcoho.Ort"
"173","173","Bus","173 MAIPÚ.R.PEÑA.MDZ"
"173","173","Bus","173 MAIPÚ.R.PEÑA.MDZ"
"173","173","Bus","173 MPU.ORT.RPEÑA.MZ"
"173","173","Bus","173 MPU.ORT.RPEÑA.MZ"
"173","173","Bus","173 MPÚ.Z.ALCOHO.MZ"
"173","173","Bus","173 EXP.MPU.RPEÑA MZ"
"173","173","Bus","173EXP.MZA MPU RPEÑA"
"173","173","Bus","173 EXP.NECH.MPU MZA"
"173","173","Bus","173 EXP.NEC.MZA MPU"
"173","173","Bus","173 Z.IND.GCRUZ V.V."
"173","173","Bus","173 R.PEÑA.V.V.COQ"
"173","173","Bus","173 R.CRUZ.MDZ"
"173","173","Bus","173 MZ.RPEÑA.VVIÑEDO"
"173","173","Bus","173 MZA R.PEÑA ORT."
"173","173","Bus","173 RPEÑA V.VIÑ.ORT."
"173","173","Bus","173 Z.IND.GCRUZ COQ"
"173","173","Bus","173 R.PEÑA COQ.TSOSA"
"173","173","Bus","173 COQ.R.PEÑA MZA"
"173","173","Bus","173MZA GC.B.MOR.MPU"
"173","173","Bus","173MPU.MZA MOR.GC.MZ"
"173","173","Bus","173EXP.MPU.ACCEST.MZ"
"173","173","Bus","173 MZA ACCEST.MPU"
"173","173","Bus","173 R.CRUZ MZA"
"173","173","Bus","173 R.PEÑA COQ.MPU"
"173","173","Bus","173 R.PEÑA COQ.MPU"
"174","174","Bus","174TSOSA MZA P.GCRUZ"
"174","174","Bus","174MZA P.GCRUZ TSOSA"
"174","174","Bus","174 T.SOSA MZA COST."
"174","174","Bus","174MZA P.GCRUZ TSOSA"
"174","174","Bus","174R.ESC.MZA P.GCRUZ"
"174","174","Bus","174MZA TSOSA P.GCRUZ"
"174","174","Bus","174 C.BARRO MZ GCRUZ"
"174","174","Bus","174 MZ P.GCRUZ TSOSA"
"174","174","Bus","174 CBARROS MZA COST"
"174","174","Bus","174 MZ P.GCRUZ TSOSA"
"174","174","Bus","174T.S.MALC.MZ GCRUZ"
"174","174","Bus","174MZ GCRUZ MALC.T.S"
"174","174","Bus","174 TSOSA Z.IND.MZA"
"174","174","Bus","1743ESQ.T.S.MALC.MZA"
"174","174","Bus","174MZA G.CRUZ T.SOSA"
"174","174","Bus","174MZA GCRUZ T.SOSA"
"174","174","Bus","174MZA GCRUZ MPU T.S"
"174","174","Bus","174 TSOSA MPU.GC.MZ"
"174","174","Bus","174MZ MPU.TSOSA.3ESQ"
"174","174","Bus","174 TSOS.BJAZM.GC.MZ"
"174","174","Bus","174MZA MPU.JAZM.TSOS"
"174","174","Bus","174CHACH.MPU.MZA"
"175","175","Bus","175 MAIPU-LUJAN"
"175","175","Bus","175 LUJAN-MAIPU"
"175","175","Bus","175 MPU LUJAN SUP "
"175","175","Bus","175 LUJAN MAIPU"
"175","175","Bus","175 LUJAN MAIPU MZA"
"175","175","Bus","175 MZA MAIP LUJ"
"175","175","Bus","175 MZA MAIP.LUJ.SUP"
"175","175","Bus","175 LUJ.MAIP.SUP MZA"
"175","175","Bus","175 MAIP.REC.LUJAN"
"175","175","Bus","175 LUJAN REC.MAIPU"
"181","181","Bus","181MZA MPU.PMOL.CAGR"
"181","181","Bus","181C.AGR.SUP.MPU.MZA"
"181","181","Bus","181MZA MPU.SUP.CAGR"
"181","181","Bus","181C.AGR.SUP.MPU.MZA"
"181","181","Bus","181MZA MPU.SUP.CAGR."
"181","181","Bus","181C.AGR.P.MOL.MPU"
"181","181","Bus","181MZA.MPU.SUP.C.AGR"
"181","181","Bus","181C.AGR.SUP.MPU.MZA"
"181","181","Bus","181 MPU.SUP.C.AGR"
"181","181","Bus","181C.AGR.SUP.MPU.MZA"
"181","181","Bus","181 MZA MAIP.P.MOL."
"181","181","Bus","181MZA MPUSUP.C.AGR."
"181","181","Bus","181P.MOL.MPU MZA"
"181","181","Bus","MAIPU MENDOZA "
"182","182","Bus","182 V.CAST.MAIPU"
"182","182","Bus","182Mpu.Ba.Canc.VCast"
"182","182","Bus","182 Mpu.Canc.V.C.Esc"
"182","182","Bus","182 V.CAST.MAIPU"
"182","182","Bus","182MPU.V.CAST.CANC."
"182","182","Bus","182V.CASTILLO MAIPU"
"182","182","Bus","182MPU.V.C.CANC.ESC."
"182","182","Bus","182V.CASTILLO MAIPU"
"182","182","Bus","182MAIPU V.CAST.MZA"
"182","182","Bus","182MAIPU V.CAST.MZA"
"182","182","Bus","182 3ESQ.SUP.MPU.MZA"
"182","182","Bus","182 MZA MPU 3ESQ."
"182","182","Bus","182 3ESQUINAS MAIPU"
"182","182","Bus","182MZA MPU SUP.3ESQ"
"182","182","Bus","182MAIPU 3 ESQUINAS"
"182","182","Bus","182 3ESQ.SUP.MPU.MZA"
"182","182","Bus","182 3ESQ.X P.MOL.MPU"
"182","182","Bus","182MZA MPU SUP 3ESQ."
"182","182","Bus","182 3ESQPM.SUPMPUMZA"
"182","182","Bus","182 MZA 3ESQ.xP.MOL."
"182","182","Bus","182 MZA MPU 3ESQ."
"182","182","Bus","182 3ESQ.P.M.MPUMZA"
"182","182","Bus","182 MPU 3ESQ.xP.MOL"
"182","182","Bus","182 3ESQxP.M.MPU MZA"
"182","182","Bus","182MZA MPU.SUP3ESQPM"
"182","182","Bus","182 3ESQPM.SUPMPUMZA"
"182","182","Bus","182MZA MPU3ESQ.xPM"
"182","182","Bus","182 3ESQ.MPU MZA"
"182","182","Bus","182 MZA MPU SUP REC."
"182","182","Bus","182 REC.MPU.MZA"
"182","182","Bus","182 MZA MPU SUP.REC."
"182","182","Bus","182 RECOARO MAIPU"
"182","182","Bus","182 REC.SUP.MPU MZA"
"182","182","Bus","182 MZA MPU REC."
"182","182","Bus","182 MAIPU RECOARO"
"182","182","Bus","182 REC.SUP.MPU MZA"
"182","182","Bus","182 REC.SUP.MPU.MZA"
"182","182","Bus","182 MPU RECOARO"
"182","182","Bus","182 REC.MPU.MZA"
"182","182","Bus","182MZAMPU SUP.C.P.  "
"182","182","Bus","182 C.PIEDRA MPU"
"182","182","Bus","182MZA.MPU SUP.C.P."
"182","182","Bus","182C.DE PIEDRA MPU"
"182","182","Bus","182 MZA MPU SUP.C.P."
"182","182","Bus","182 C.P.SUP.MPU MZA"
"182","182","Bus","182 MZA MPU SUP.CH."
"182","182","Bus","182CHRUSS.SUP.MPUMZA"
"182","182","Bus","182 MPU CHACH."
"182","182","Bus","182CH.RUSS.MPU MZA"
"182","182","Bus","182MZA MPU RUSS.CHA"
"182","182","Bus","182CHRUSS.SUP.MPUMZA"
"182","182","Bus","182 CHACH.RUSS.MAIPU"
"182","182","Bus","182MZA MPUSUP.RUSSCH"
"182","182","Bus","182 MZA MAIPU"
"182","182","Bus","182MZA MPUCHACH.URQ."
"182","182","Bus","182CHACH.URQ.MPUMZA"
"182","182","Bus","182CHACHINGO URQ.MPU"
"182","182","Bus","182MZAMPU CHACH.URQ."
"182","182","Bus","182MAIPU CHACH.URQ."
"182","182","Bus","182MZA MPUSUP3E.LUNL"
"182","182","Bus","182LUNL.3E.SUPMPUMZA"
"182","182","Bus","182MZA MAIP.SUP.LUNL"
"182","182","Bus","182LUNL.SUP.MAIP.MZA"
"182","182","Bus","182MZA MAIP.SUP.LUNL"
"182","182","Bus","182 LUNLUNTA MAIPU"
"182","182","Bus","182MZA MPU.SUP.LUNL."
"182","182","Bus","182 LUNL.MAIPU MZA"
"182","182","Bus","182MZA MAIP.SUP.LUNL"
"182","182","Bus","182LUNL.SUP.MAIP.MZA"
"182","182","Bus","182 MAIPU LUNLUNTA"
"182","182","Bus","182LUNL.SUP.MAIP.MZA"
"182","182","Bus","182 MZA MAIPU LUNL."
"182","182","Bus","182 LUNL.MAIPU MZA"
"182","182","Bus","182MZA MPU.3ESQ.PMOL"
"182","182","Bus","182 3ESQ.PMOLINA MPU"
"182","182","Bus","182 MAIP.C.DE PIEDRA"
"182","182","Bus","182C.P.SUP.MPUMZA"
"182","182","Bus","182 MAIPU CHACHINGO"
"182","182","Bus","182CHRUSS.SUP.MPUMZA"
"182","182","Bus","182REC.LUNL.S.MPUMZA"
"182","182","Bus","182MZA MPU.S.3E.LUNL"
"182","182","Bus","182 LUNLUNTA MAIPU"
"182","182","Bus","182MZA MAIP.SUP.LUNL"
"182","182","Bus","182 LUNL.MAIPU MZA"
"183","183","Bus","183MZA MPU.BARRANCAS"
"183","183","Bus","183 BARR.ALT.MPU.MZA"
"183","183","Bus","183MZA MPU.SUP.BAR.A"
"183","183","Bus","183BARR.A.SUP.MPUMZA"
"183","183","Bus","183MZA MAP.BARR.ALT"
"183","183","Bus","183BARR.A.SUP.MPUMZA"
"183","183","Bus","183MZA MAIP.BARR.ALT"
"183","183","Bus","183BARR.C.SUP.MPUMZA"
"183","183","Bus","183MAIPU BARR.CARRIL"
"183","183","Bus","183BARR.ALT.MAIP.MZA"
"183","183","Bus","183MPU.R.60 BARR.ALT"
"183","183","Bus","183BARRC.R60 MPU.MZA"
"183","183","Bus","183MZA BARR.xURQ.ALT"
"183","183","Bus","183BARRxURQ.A.MPUMZA"
"183","183","Bus","183MPU BARR.URQ.CARR"
"183","183","Bus","183BARRxURQ.A.MPUMZA"
"183","183","Bus","183BARR.URQ.CARR.MPU"
"183","183","Bus","183MZA MPU.BAR.URQ.A"
"183","183","Bus","183BARR x CARRIL.MPU"
"183","183","Bus","183MZA MPU.BARRURQ.A"
"183","183","Bus","MAIPU MZA(BARR.)"
"183","183","Bus","183MZA MPU.BAR.URQ.A"
"183","183","Bus","183BARR.URQ.ALT.MPU"
"183","183","Bus","183BARR.A.SUP.MPUMZA"
"183","183","Bus","183MZA MPU.SUP.BARR"
"183","183","Bus","183MPU.BARR.URQ.CARR"
"183","183","Bus","183BARRxURQ.C.MPUMZA"
"183","183","Bus","183 MAIPU BARR. ALT"
"183","183","Bus","183 BARR.ALT.MAIPU"
"183","183","Bus","183MPU BARR.ESC.C.P."
"183","183","Bus","183 BARRANCAS MAIPU"
"184","184","Bus","184 MZA MAIP.JUN."
"184","184","Bus","184 JUNIN MAIPU MZA"
"184","184","Bus","184 MAIPU JUNIN"
"184","184","Bus","184 JUNIN MAIPU MZA"
"184","184","Bus","184 Maipú - Mendoza"
"184","184","Bus","184 MENDOZA MAIPU"
"185","185","Bus","185ST.BLANC.ORTG.MPU"
"185","185","Bus","185 MPU.ORT.ST.BLANC"
"A21","A21","Bus","A21A R.CRUZ X NAC."
"A21","A21","Bus","A21A R.CRUZ X NAC."
"A21","A21","Bus","A21A R.CRUZ X NAC.PI"
"A21","A21","Bus","A21A R.CRUZ X NAC.PI"
"A21","A21","Bus","A21B R.CRUZ X NAC."
"A21","A21","Bus","A21B R.CRUZ X NAC."
"A21","A21","Bus","A21B R.CRUZ X NAC.SH"
"A21","A21","Bus","A21B R.CRUZ X NAC.SH"
"A22","A22","Bus","A22A CORR.X NAC.MIL."
"A22","A22","Bus","A22A CORR.X NAC MIL."
"A22","A22","Bus","A22B CORRxNAC.S.VTE"
"A22","A22","Bus"," A22B CORRxNAC.S.VTE"
"A22","A22","Bus","A22C CORRxNAC.MALV."
"A22","A22","Bus","A22C CORRxNAC.MALV."
"A22","A22","Bus","A22D CORR.FERRARI"
"A22","A22","Bus","A22D CORR FERRARI"
"A22","A22","Bus","A22E CORR.VIOLETAS"
"A22","A22","Bus","A22E CORR VIOLET"
"A22","A22","Bus","A22F CORR.X NAC."
"A22","A22","Bus","A22F CORR.X NAC."
"A22","A22","Bus","A22C CORRxNAC.MALV."
"A22","A22","Bus","A22C CORRxNAC.MALV."
"A22","A22","Bus","A22A CORR.X NAC. "
"A22","A22","Bus","A22A CORR X NAC"
"A22","A22","Bus"," A22B CORRxNAC.S.VTE"
"A22","A22","Bus","A22B CORRxNAC S VTE"
"A22","A22","Bus","A22C CORRxNAC.MALV."
"A22","A22","Bus","A22C CORRxNAC.MALV."
"A22","A22","Bus","A22E CORR.VIOLETAS"
"A22","A22","Bus","A22E CORR.VIOLETAS"
"A22","A22","Bus","A22F CORR.X NAC.MVA."
"A22","A22","Bus","A22F CORR.X NAC.MVA."
"A22","A22","Bus","A22A CORR.X NAC. "
"A22","A22","Bus","A22A CORR.X NAC. "
"A22","A22","Bus","A22E CORR.VIOLETAS"
"A22","A22","Bus","A22E CORR.VIOLETAS"
"A22","A22","Bus","A22G CORR.GRILLI/Mil"
"A22","A22","Bus","A22G CORR.GRILLI/Mil"
"A22","A22","Bus","A22G CORR.GRILLI/Mil"
"A22","A22","Bus","A22G CORR.GRILLI/Mil"
"A22","A22","Bus","A22D CORR.FERRARI"
"A22","A22","Bus","A22D CORR.FERRARI"
"A22","A22","Bus","A22B CORRxNAC.S.VTE"
"A22","A22","Bus","A22B CORRxNC S.VTE"
"A22","A22","Bus","A22D CORR.FERRARI"
"A22","A22","Bus","A22D CORR.FERRARI"
"A23","A23","Bus","A23 SAN JAV NAC"
"A23","A23","Bus","A23 SAN JAV NAC"
"A23","A23","Bus","A23 SAN JAV Nac/CGob"
"A23","A23","Bus","A23 SAN JAV Nac/CGob"
"A23","A23","Bus","A23 SAN JAV Nac/CGob"
"A24","A24","Bus","A24 PRIMAVERA X NAC."
"A24","A24","Bus","A24 PRIMAV.X NAC."
"A25","A25","Bus","A25 Escorihuela"
"A25","A25","Bus","A25 Escorihuela"
"A25","A25","Bus","A25 Escorihuela"
"A25","A25","Bus","A25 Escorihuela  "
"A25","A25","Bus","A25 Escorihuela"
"A25","A25","Bus","A25 ESCORIHUELA"
"A27","A27","Bus","A27 COLONIA SEGOVIA"
"A27","A27","Bus","A27 COLONIA SEGOVIA"
"A28","A28","Bus","A28 R.CRUZ C.BOMBAL"
"A28","A28","Bus","A28 R.CRUZ C.BOMBAL"
"A29","A29","Bus","A29 PEDREGAL X NAC."
"A29","A29","Bus","A29 PEDREGAL X NAC. "
"B21","B21","Bus","B21 R.CRUZ X G.CRUZ"
"B21","B21","Bus","B21 R CRUZ X G CRUZ"
"B21","B21","Bus","B21 R.CRUZ X G.CRUZ"
"B22","B22","Bus","B22A CORR. KM 14"
"B22","B22","Bus","B22A CORR.KM 14"
"B22","B22","Bus","B22A CORR.KM 14  "
"B22","B22","Bus","B22A CORR.KM 14"
"B22","B22","Bus","B22A CORR. X G.CRUZ"
"B22","B22","Bus","B22 CORR.X G.CRUZ"
"B22","B22","Bus","B22B CORR.X G.CRUZ"
"B22","B22","Bus","B22B V.NUEVA CORR."
"B22","B22","Bus","B22B CORR.X G.CRUZ"
"B22","B22","Bus","B22B V.NUEVA CORR."
"B22","B22","Bus","B22B CORR.KM 14"
"B22","B22","Bus","B22B  CORR.KM14"
"B22","B22","Bus","B22C CORR.X G.CRUZ"
"B22","B22","Bus","B22C V.NUEVA CORR."
"B22","B22","Bus","B22C CORR.KM 14"
"B22","B22","Bus","B22C V.NUEVA CORR"
"B22","B22","Bus","B22C CORR.X G.CRUZ"
"B22","B22","Bus","B22C V.NUEVA CORR."
"B22","B22","Bus","B22D CORR.KM14"
"B22","B22","Bus","B22D V.NUEVA CORR."
"B22","B22","Bus","B22D CORR.KM14 MIL."
"B22","B22","Bus","B22D V.N CORR KM 14"
"B22","B22","Bus","B22E CORR.X G.CRUZ"
"B22","B22","Bus","B22E V N CORR."
"B22","B22","Bus","B22E CORR.X G.CRUZ"
"B22","B22","Bus","B22E V.NUEVA CORR."
"B23","B23","Bus","B23 STA.ANA X G.CRUZ"
"B23","B23","Bus","B23 STA.ANA X G.CRUZ"
"B23","B23","Bus","B23 B S.ANA C.GOB"
"B23","B23","Bus","B23 V.NUEVA R.CRUZ"
"B24","B24","Bus","A24 PRIMAV.X G.CRUZ"
"B24","B24","Bus","B24 PRIMAV.X G.CRUZ"
"B25","B25","Bus","B25 B.NUEVA X G.CRUZ"
"B25","B25","Bus","B25 V.NUEVA R. CRUZ "
"B25","B25","Bus","B25 B.NUEVA C.GOB"
"B25","B25","Bus","B23 B.NUEVA C.GOB"
"B26","B26","Bus","B26A PARAGUAY"
"B26","B26","Bus","B26A PARAGUAY "
"B26","B26","Bus","B26A PARAGUAY ROCA"
"B26","B26","Bus","B26A PARAGUAY ROCA"
"B26","B26","Bus","B26A PAR. PALMERAS"
"B26","B26","Bus","B26A PAR.PALMERAS"
"B26","B26","Bus","B26B PARAGUAY NOTTI"
"B26","B26","Bus","B26B PARAGUAY NOTTI"
"B26","B26","Bus","B26B PARAGUAY MUNIC."
"B26","B26","Bus","B26B PARAGUAY MUNIC."
"B27","B27","Bus","B27 ESCOR.X G.CRUZ"
"B27","B27","Bus","B27 ESCOR.X G.CRUZ"
"MTM","MTM","Bus","MTM001 Mdz Gutz"
"MTM","MTM","Bus","MTM 001 Gutz Mdz"
"D138","D138","Bus","S.D MAIPU MENDOZA"
"D138","D138","Bus","S.D MENDOZA MAIPU"
"D139","D139","Bus","SD 3 ESQ.MAIP.MZA"
"D139","D139","Bus","SD MENDOZA MAIPU"
"D140","D140","Bus","SD MAIPU MENDOZA"
"D140","D140","Bus","SD MZA MAIPU 3ESQ."
"D141","D141","Bus","SD RECOARO MAIP.MZA"
"D141","D141","Bus","SD MENDOZA MAIPU"
"D142","D142","Bus","SD REC.CEM.MAIP.MZA"
"D142","D142","Bus","SD MENDOZA MAIPU"
"D143","D143","Bus","SD MAIPU MENDOZA"
"D143","D143","Bus","SD MZA MAIP.RECOARO"
"D144","D144","Bus","SD MAIPU MENDOZA"
"D144","D144","Bus","SD MZA MAIP.REC.CEM."
"T11","T11","Bus","T11 P.MOLINA-UNIMEV"
"T11","T11","Bus","T11 UNIMEV-CENTRO"
"T11","T11","Bus","T11 UNIMEV-P.MOLINA"
"T11","T11","Bus","T11 P.MOL.CTRO.TERM"
"T11","T11","Bus","p.m.-centro-unimev"
"T11","T11","Bus","unimev-centro-p.m"
"T11","T11","Bus","unimev-centro-p.m"
"T12","T12","Bus","T12-Centro-Parque"
"T12","T12","Bus","T12-Centro-VNueva"
"T12","T12","Bus","T12-Centro-Dorrego"
"T12","T12","Bus","T12-Cent-Pellegrini"
"T12","T12","Bus","T12-GC-LH"
"T12","T12","Bus","T12-UNC"
