"trip_headsign","direction_id","trip_short_name","trip_id","route_id","shape_id"
"011A-CARR-CG-CTROxFA","1","011A - CARRODILLA - CENTRO X FIGUEROA ALCORTA - C. GOB.","1690","011","1690"
"011A-Ctro-CarrxF.A. ","0","011 - Centro - Carrodilla x F. Alcorta - C. Gob","2998","011","2998"
"011A-Carr-Ctro.xF.A.","0","011 - Centro Carrodilla por F. Alcorta ","2999","011","2999"
"011A-Carr-Ctro.XF.A.","1","011A - Carrodilla - Centro por F. Alcorta","3003","011","3003"
"011B-B21-Ctro.xF.A.","1","011 - B. 21 de Julio - Carrodilla - Centro por F. Alcorta - C/Gob. ","2994","011","2994"
"011B-B21-Ctro.xF.A.","0","011B-Centro - Carrodilla x F. Alcorta ","3000","011","3000"
"011A-Carr-CtroxF.A.","0","011A - Centro - Carrodilla x F. Alcorta","3001","011","3001"
"011A-Carr-Ctro.xF.A.","1","011-B. 21de Julio - Carrodilla - Centro x F. Alcorta ","3004","011","3004"
"011C-Ctro-B21-Carr","0","011C - Centro - Carrodilla x F. Alcorta - B. 21 de Julio ","2995","011","2995"
"011C-Ctro-B21-Carr","1","011C - Carrodilla - Centro - B. 21 de Julio x F. Alcorta - C/Gob. ","2996","011","2996"
"011C-Ctro-B21-Carr","1","011C - Carrodilla - Centro x F. Alcorta - B. 21 de Julio","3005","011","3005"
"011C-Ctro-B21-Carr","0","011C - Centro - Carrodilla x F. Alcorta - B. 21 de Julio","3006","011","3006"
"011B-B21-Ctro.xF.A.","1","011 - Carrodilla-B. 21 de Julio - Centro x F. Alcorta","2239","011","2239"
"011B-B21-Ctro.xF.A.","0","011 - Centro - Carrodilla x F. Alcorta - B.21 de Julio.","2241","011","2241"
"011B-B21-Ctro.xF.A.","0","NULL","2990","011","2990"
"011B-B21-Ctro.xF.A.","1","011 - Carrodilla-B. 21 de Julio - Centro x F. Alcorta. C./Gob.","2991","011","2991"
"012-F.Cuyo-Chac-Ctro","1","012 - Carrodilla - Centro Por Flor de Cuyo - Chacras de Coria","2221","012","2221"
"012-FCuyo-Casta-Ctro","0","012 - Centro - B  Flor de Cuyo - B  Los Castaños","2230","012","2230"
"012-F.Cuyo-Ctro","1","012 - Carrodilla por B  Flor de Cuyo - Centro","3052","012","3052"
"012-F.Cuyo-Ctro","0","012 - Centro - Carrodilla por B  Flor de Cuyo","3053","012","3053"
"012-F.Cuyo-Chac-Ctro","1","012 - Carrodilla - Centro por B  Flor de Cuyo","3059","012","3059"
"012-F.Cuyo-Chac-Ctro","0","012 - Centro - Chacras de Coria - Cementeria Parque Jardin Mendoza","3060","012","3060"
"013-Ctro-LHerasxROCA","1","013 - Carrodilla - Centro - Las Heras por Roca - Casa de Gobierno","2243","013","2243"
"013-LHer.CarrodxROCA","0","013 - Las Heras - Carrodilla por Roca","3061","013","3061"
"013-Carr-LHerasxROCA","1","013 - Carrodilla - Las Heras por Roca","2960","013","2960"
"013-LASHER.CARRxROCA","0","NULL","3085","013","3085"
"013ES - Esc. Roca","1","013 - Escolar Roca de las 07:20 hs","2245","013","2245"
"013ES - Esc. Roca","0","013-Escolar Roca7:20","2246","013","2246"
"013ES -Esc. Roca","1","013 - Escolar Roca de las 12:30","2247","013","2247"
"013ES - Esc. Roca","0","013 - Escolar Roca de las 12:30 hs","2248","013","2248"
"013ES - Esc. Roca","1","013 - Escolar Roca de las 17:30 hs","2250","013","2250"
"013ES - Esc. Roca","0","013 - Escolar Roca de las 17:30 hs","2251","013","2251"
"013ES1 - Esc.Goretti","1","013ES1 - Escolar Goretti - San Pablo de las 12:30 hs","2252","013","2252"
"013ES1 - Esc.Goretti","0","013 - Escolar Goretti - San Pablo de las 18:00 hs","2255","013","2255"
"014A-Blanc.Enc.SP/GV","1","014 - Blanco Encalada - Saenz Peña / Guardia Vieja ","2256","014","2256"
"014A-Blanc Enc.SP/GV","0","014 - Blanco Encalada por Saenz Peña-Guardia Vieja","2257","014","2257"
"014A-Bco.Enc.SP/GV","1","014 - Blanco Encalada - Guardia Vieja / Saenz Peña","2258","014","2258"
"014A-Bco.Enc.SP/GV","0","014A - Blanco Encalada - Guardia Vieja / Saenz Peña ","2259","014","2259"
"014A-Bco.Enc.SP/GV","1","014A - Blanco Encalada por Saenz Peña","3095","014","3095"
"014A-Bco.Enc.SP/GV","0","014A - Blanco Encalada por Saenz Peña","3096","014","3096"
"014B-Bco Enc Pan.","1","014B - Escolar Blanco Encalada de las 06:08 hs","3165","014","3165"
"014B-Bco Enc Pan.","1","014 - Escolar Blanco Encalada de las 17:00 hs","3174","014","3174"
"014C-BcoEn-Pan-Sol","1","014C - Escolar Blanco Encalada de las 07:25 hs","2269","014","2269"
"014C-BcoEn-Pan-Sol","0","014C- Escolar Blanco Encalada de las 07:25 hs","2270","014","2270"
"014C-BcoEn-Pan-Sol","1","014C - Escolar Blanco Encalada de las 06:55 hs","2271","014","2271"
"014C-BcoEn-Pan-Sol","0","014C- Escolar Blanco Encalada de las 06:55 hs","2272","014","2272"
"014D-BcoEnc-Pan-Nat","1","014D - Escolar Blanco Encalada de las 07:15 hs","3180","014","3180"
"014D-BcoEnc-Pan-Nat","0","014D - Escolar Blanco Encalada de las 07:15 hs","3181","014","3181"
"014E-BcoEnc-Pan-Loc.","1","014E - Escolar Blanco Encalada de las 08:10 hs","2282","014","2282"
"014E-BcoEnc-Pan-Loc.","0","014E - Escolar Blanco Encalada de las 08:10 hs","2283","014","2283"
"014E-BcoEnc-Pan-Loc.","1","014E- Escolar Blanco Encalada de las 12:20 hs","2284","014","2284"
"014E-BcoEnc-Pan-Loc.","0","014E - Escolar Blanco Encalada de las 12:20 hs","2285","014","2285"
"014E-BcoEnc-Pan-Loc.","1","014E - Escolar Blanco Encalada de las 12:30 hs","3182","014","3182"
"014E-BcoEnc-Pan-Loc.","0","014E - Escolar Blanco Encalada de las 12:30 hs","3183","014","3183"
"014F-BcoEnc/Pan/Loc.","1","014F - Escolar Blanco Encalada de las 18:25 hs","2290","014","2290"
"014F-BcoEnc/Pan/Loc.","0","014F - Escolar Blanco Encalada de las 18:25 hs","2291","014","2291"
"014F-BcoEnc/Pan/Loc.","1","014F- Lujan - Blanco Encalada x Panamericana","2326","014","2326"
"014F-BcoEnc/Pan/Loc.","0","014F - Blanco Encalada por Panamericana - Lujan","2327","014","2327"
"014B-Bco Enc Pan.","0","014B - Escolar Blanco Encalada de las 06:08 hs","3166","014","3166"
"014B-Bco Enc Pan.","0","014B - Escolar Blanco Encalada de las 17:00 hs","3175","014","3175"
"014B-Bco Enc Pan.","1","014B - Escolar Blanco Encalda de las 11:40 hs","3169","014","3169"
"014B-Bco Enc Pan.","0","014B - Escolar Blanco Encalada de las 11:40 hs","3170","014","3170"
"014C-BcoEn-Pan-Sol","1","014C - Escolar Blanco Encalada de las 13:00 hs","2273","014","2273"
"014C-BcoEn-Pan-Sol","0","014C - Escolar Blanco Encalada de las 13:00 hs","3176","014","3176"
"014D-BcoEnc-Pan-Nat","1","014D - Escolar Blanco Encalada de las 17:50 hs","2278","014","2278"
"014D-BcoEnc-Pan-Nat","0","014D - Escolar Blanco Encalada de las 17:50 hs","3179","014","3179"
"014D-BcoEnc-Pan-Nat","1","014D - Escolar Blanco Encalada de las 16:25 hs","3177","014","3177"
"014D-BcoEnc-Pan-Nat","0","014D - Escolar Blanco Encalada de las 16:25 hs","3178","014","3178"
"014F-BcoEnc/Pan/Loc.","1","014F - Escolar Blanco Encalada de las 17:40 hs","3186","014","3186"
"014F-BcoEnc/Pan/Loc.","0","014F - Escolar Blanco Encalada de las 17:40 hs","3187","014","3187"
"015-B.Cast.-Ch.-Ctro","1","015 - B. Los Castaños - Chacras de Coria - Centro por Cervantes","2293","015","2293"
"015-B.Cast.-Ch.-Ctro","0","015 - Centro - Chacras - B. Los Castaños por Cervantes","2294","015","2294"
"015-B.Cast.-Ch.-Ctro","1","015 - B. Los Castaños - Chacras de Coria - Centro por Cervantes","2295","015","2295"
"015-B.Cast.-Ch.-Ctro","0","015 - Centro - Chacras de Coria - B  Los Castaños","3050","015","3050"
"015-B.Cast.-Ch.-Ctro","0","015 - Centro - Chacras - B  Los Castaños por Cervantes","2298","015","2298"
"015-B.Cast.-Ch.-Ctro","1","015 - B  Los Castaños - Cementerio Parque Jardin Mendoza - Centro","3058","015","3058"
"016A-L.Ch.S EL.SMSur","1","016 - Lujan - Chacras de Coria por San Martín Sur - Centro","2299","016","2299"
"016A-L.Ch.S EL.SMSur","0","016 - Centro - Chacras por San Martin Sur - Lujan","2300","016","2300"
"016A-L.Ch.S EL.SMSur","1","016 - Lujan - Chacras - Centro por Santa Elena","2301","016","2301"
"016A-L.Ch.S EL.SMSur","0","016 - Centro - Chacras de Coria por Santa Elena - Lujan","2302","016","2302"
"016ES -Esc.S.Elena","1","016 - Escolar Santa Elena de las 07:15 hs","2303","016","2303"
"016ES -Esc.S.Elena","0","016 - Escolar Santa Elena de las 07:15 hs","2304","016","2304"
"016ES -Esc.S.Elena","1","016 - Escolar Santa Elena de las 12:20 hs","2312","016","2312"
"016ES -Esc.S.Elena","0","016 - Escolar Santa Elena de las 12:20","2313","016","2313"
"016ES -Esc.S.Elena","1","016 - Escolar Santa Elena de las 17:40 hs","2320","016","2320"
"016ES -Esc.S.Elena","0","016 - Escolar Santa Elena de las 17:40 hs","2321","016","2321"
"016B-L.UNC.S.El.","1","016 - Santa Elena - Chacras Universidades","2322","016","2322"
"016B-L.UNC.S.El.","0","016 - Universidades - Chacras - Lujan","2323","016","2323"
"016B-L.UNC.S.El.","1","016 - Lujan - Universidades","2324","016","2324"
"016B-L.UNC.S.El.","0","016 - Universidades - Chacras - S. Elena - Lujan","2325","016","2325"
"017-B.Aler-Luj-Maipu","1","017 - Carrodilla - B. Los Alerces - Lujan","2328","017","2328"
"017-B.Aler-Luj-Maipu","0","017 - Lujan - B  Los Alerces - Carrodilla","2329","017","2329"
"017-B.Aler-Luj-Maipu","1","017 - Lujan - Cementerio Lujan - B. Los Alerces","2333","017","2333"
"017-B.Aler-Luj-Maipu","0","017 - Lujan - B. Los Alerces","2334","017","2334"
"017-B.Aler-Luj-Maipu","1","017-Lujan - Maipu","2338","017","2338"
"017-B.Aler-Luj-Maipu","0","017-Maipu - Lujan","2339","017","2339"
"018-Exp. Roca C.Gob.","0","018 - Expreso Roca - Casa de Gobierno","2336","018","2336"
"018-Exp. Roca C.Gob","1","018 - Expreso Roca por Casa de Gobierno","3032","018","3032"
"018-Exp. Roca CGob.","1","018 - Expreso Roca","2337","018","2337"
"018-Exp. Roca C.Gob.","0","018-Expreso Roca","3036","018","3036"
"019A-Luj.Ctro.Drumm.","1","019 - Lujan - Mendoza por Drummond - B. 27 de Abril","2340","019","2340"
"019A-Luj.Ctro.Drumm.","0","019 - Centro - Lujan por Drummond - B. 27 de Abril","2341","019","2341"
"019B-Lj.Huen.Ctro.Lb","1","019 - Lujan - Mendoza por Av. Libertad - B. Las Parras","2342","019","2342"
"019B-Lj.Huen.Ctro.Lb","0","019 - Centro - Lujan por Av. Libertad - B. Las Parras","2343","019","2343"
"019B-Lj.Huen.Ctro.Lb","1","019 - Lujan - Centro por Av. Libertad","2345","019","2345"
"019B-Lj.Huen.Ctro.Lb","0","019 - Centro - Lujan por Av. Libertad","2346","019","2346"
"019B-Lj.Huen.Ctro.Lb","1","019 - Luján - Centro por Av. Libertad - B. Huentota","2347","019","2347"
"019B-Lj.Huen.Ctro.Lb","0","019 - Centro - Lujan por Av. Libertad","2348","019","2348"
"019C-Lj.Ctro.Hue.SMt","1","019 - Lujan - Centro por Av. Libertad","2349","019","2349"
"019C-Lj.Ctro.Hue.SMt","0","019 - Centro - B. Huentota - Lujan por Av. Libertad","2350","019","2350"
"019A-Luj.Ctro.Drumm.","1","019 - Lujan - Centro por Drummond","2351","019","2351"
"019A-Luj.Ctro.Drumm.","0","019 - Centro - Lujan por Drummond","2352","019","2352"
"019EX-Exp.xS.Mt/Drm","1","019 - Expreso Drummond","2353","019","2353"
"019EX-Exp.xS.Mt/Drm","0","019 - Expreso por Drummond","2354","019","2354"
"019C-Lj.Ctro.Hue.SMt","1","019 - Lujan - Mendoza por San Martin","2355","019","2355"
"019C-Lj.Ctro.Hue.SMt","0","019 - Centro - Lujan por San Martin","2356","019","2356"
"019EX-Exp.xS.Mt/Drm","1","019 - Expreso por San Martin","2357","019","2357"
"019EX-Exp.xS.Mt/Drm","0","019 - Expreso por San Martin","2358","019","2358"
"019A-Luj.Ctro.Drumm.","1","019 - Lujan - PIP - Centro","2359","019","2359"
"019A-Luj.Ctro.Drumm.","0","019 - Centro - Lujan por San Martin","2360","019","2360"
"019C-Lj.Ctro.Hue.SMt","1","019 - Lujan Centro por San Martin","2361","019","2361"
"019C-Lj.Ctro.Hue.SMt","0","019 - Centro - Lujan - PIP","2362","019","2362"
"031-CENTRO","1","NULL","2204","031","2204"
"031-G.CRUZ.CENTRO","0","NULL","2317","031","2317"
"031G.CRZ.CTO.S/C.GOB","1","NULL","2561","031","2561"
"31G.CRUZ.PLAZA","0","NULL","2562","031","2562"
"032-ESTANZUELA CNTRO","1","032-ESTANZUELA CNTRO","2207","032","2207"
"032-ESTANZUELA","0","NULL","2208","032","2208"
"032BES.XPASO.S/C.GOB","1","032BES.XPASO.S/C.GOB","2563","032","2563"
"32EST.G.CRUZ","0","NULL","2564","032","2564"
"033-GODOY CRUZ","0","NULL","2209","033","2209"
"033-LAS HERAS","1","NULL","2210","033","2210"
"034-VIN.X OESTE.LAGO","1","NULL","2215","034","2215"
"34-GODOY CRUZ","0","NULL","2216","034","2216"
"034-VIN.ESTAN.LAGO.M","1","NULL","2218","034","2218"
"34.ESTANZUELA G.CRUZ","0","NULL","2219","034","2219"
"34VIN.X.OESTE.G.CRUZ","0","NULL","2547","034","2547"
"034B VIN.OESTE.S/UNC","1","NULL","2546","034","2546"
"034B VIN.B EST.S/UNC","1","NULL","2558","034","2558"
"034B VIN.B ESTA.GC","0","NULL","2559","034","2559"
"034B VIN.LAGO.B.FUCH","1","NULL","2475","034","2475"
"034B VIN.O.G.C.BFUCH","0","NULL","2476","034","2476"
"034B REF.VIN.UNC","1","NULL","2550","034","2550"
"034C REF.VIN.EST.L.A","1","NULL","2551","034","2551"
"034R.VIN.EST.LIC.CTO","1","NULL","2552","034","2552"
"034RE.VIN.O.LIC.UNC","1","NULL","2553","034","2553"
"035-PABLO VI LIC UNC","1","NULL","2211","035","2211"
"35-PABLO VI","0","NULL","2212","035","2212"
"035 REF.LICEO","1","NULL","2548","035","2548"
"035REF.B.PBLOV.CTROL","1","NULL","2549","035","2549"
"041-Foec.xPza.Ctro","1","041 - Foecyt - Sarmiento x Plaza de Godoy Cruz - Estanzuela Directo","2643","041","2643"
"041-Foec.xPza.Ctro","0","041 - Foecyt - Sarmiento x Plaza de Godoy Cruz - Estanzuela Directo","2644","041","2644"
"041-Foec.xPza.Ctro","1","041 - Foecyt - Sarmiento por San Martin - Estanzuela por Plaza de Godoy Cruz","2645","041","2645"
"041-Foec.xPza.Ctro","0","041 - Foecyt - Sarmiento por San Martin - Estanzuela por Plaza de Godoy Cruz","2647","041","2647"
"041-Foec.Dir.Ctro.","1","041 - Foecyt - Sarmiento por San Martín - Estanzuela por Plaza de Godoy Cruz - B  Ruiseñor","2648","041","2648"
"041-Foec.xPza.Ctro","0","041 - Foecyt - Sarmiento por San Martín - Estanzuela por Plaza de Godoy Cruz - B  Ruiseñor","2649","041","2649"
"042-B.FuchsXPza.Ctro","1","042 - B  Fuchs por Plaza de Gody Cruz","2650","042","2650"
"042-B.FuchsXPza.Ctro","0","042 - B  Fuchs por Plaza de Godoy Cruz","2651","042","2651"
"043-Palmares.Centro","1","043 - Palmares x Italia - Centro - Palmares","2652","043","2652"
"043-Palmares.Centro","0","043 - Palmares x Italia - Centro - Palmares","2653","043","2653"
"044-ExpresoXP.Andes","1","044 - Expreso por Paso de Los Andes","2654","044","2654"
"044-ExpresoXP.Andes","0","044 - Expreso por Paso de Los Andes","2656","044","2656"
"045-Est.Directo.Ctro","1","045 - B  La Estanzuela por Plaza de Godoy Cruz - Centro - FoecYt","2657","045","2657"
"045-Est.Directo.Ctro","0","045 - B  La Estanzuela por Plaza de Godoy Cruz - Centro - FoecYt","2658","045","2658"
"045-Est-CtroDir/Ruis","1","045 - Estanzuela Directo - Centro - FoecYt","2659","045","2659"
"045-EstCtro Dir/Ruis","0","045 - Estanzuela Directo - Centro - FoecYt","2661","045","2661"
"045-EstCtroDir/Ruis ","1","045 - B  Ruiseñor - Estanzuela por San Martin - FOECyT","2662","045","2662"
"045-EstCtro DirRuis","0","045 - B  Ruiseñor - Estanzuela por San Martin - FOECyT","2663","045","2663"
"046-Mosc.Bombal.Ctro","1","046 - Mosconi - Bombal - Centro - Mosconi","2664","046","2664"
"046-Ctro.Bombal.Mosc","0","046 - Mosconi - Bombal - Centro - Mosconi","2666","046","2666"
"046-Mosc.Bombal.Ctro","1","046 - Expreso Mosconi por Paso de Los Andes","2667","046","2667"
"046-Mosc.Bombal.Ctro","0","046 - Mosconi Expreso por Paso de Los Andes","2668","046","2668"
"047-Vinculacion O-E","1","047 - Servicio Vinculacion Oeste - Este","3159","047","3159"
"047-Vinculacion O-E","0","047 - Servicio Vinculacion Oeste - Este","3161","047","3161"
"051A S.ANA-PQUE","1","SANTA ANA - PARQUE SAN MARTIN","2363","051","2363"
"051A S.ANA-PQUE","0","NULL","2364","051","2364"
"051A S.ANA-PQUE","1","NULL","2366","051","2366"
"051A S.ANA-PQUE","0","NULL","2554","051","2554"
"051A S.ANA-PQUE","0","NULL","2380","051","2380"
"051A S.ANA-PQUE","1","NULL","2560","051","2560"
"051B S.ANA-SHOP-PQUE","1","NULL","2867","051","2867"
"051B S.ANA-SHOP-PQUE","0","NULL","2868","051","2868"
"051B S.ANA-SHOP-PQUE","1","NULL","2865","051","2865"
"051B S.ANA-SHOP-PQUE","0","NULL","2866","051","2866"
"052A MUN-SLNZO-C.GOB","1","NULL","2381","052","2381"
"052A MUN-SLNZO-C.GOB","0","NULL","2382","052","2382"
"052A MUN-SLNZO-C.GOB","1","NULL","2571","052","2571"
"052A MUN-SLNZO-C.GOB","0","NULL","2573","052","2573"
"052A MUN-SLNZO-C.GOB","1","NULL","2576","052","2576"
"052A MUN-SLNZO-C.GOB","0","NULL","2577","052","2577"
"052B MUN-S.LNZO-MUN","1","NULL","2578","052","2578"
"052B MUN-S.LNZO-MUN","0","NULL","2579","052","2579"
"052B MUN-S.LNZO-MUN","1","NULL","2580","052","2580"
"052B MUN-S.LNZO-MUN","0","NULL","2581","052","2581"
"052B MUN-S.LNZO-MUN","1","NULL","2582","052","2582"
"052B MUN-S.LNZO-MUN","0","NULL","2583","052","2583"
"052C S.LNZO-H.L-UNC","1","NULL","2584","052","2584"
"052C S.LNZO-H.L-UNC","0","NULL","2585","052","2585"
"052C S.LNZO-H.L-UNC","1","NULL","2395","052","2395"
"052C S.LNZO-H.L-UNC","0","NULL","2396","052","2396"
"052C S.LNZO-H.L-UNC","1","NULL","2587","052","2587"
"052C S.LNZO-H.L-UNC","0","NULL","2815","052","2815"
"052D S.LNZO-UNC-LIC","0","NULL","2400","052","2400"
"052D S.LNZO-UNC-LIC","1","NULL","2609","052","2609"
"053A MUN-BELGR-C.GOB","1","NULL","2589","053","2589"
"053A MUN-BELGR-C.GOB","0","NULL","2590","053","2590"
"053A MUN-BELGR-C.GOB","1","NULL","2403","053","2403"
"053A MUN-BELGR-C.GOB","0","NULL","2591","053","2591"
"053A MUN-BELGR-C.GOB","1","NULL","2592","053","2592"
"053A MUN-BELGR-C.GOB","0","NULL","2593","053","2593"
"053B MUN-BELGRANO","0","NULL","2408","053","2408"
"053B MUN-BELGRANO","1","NULL","2588","053","2588"
"053B MUN-BELGRANO","1","NULL","2594","053","2594"
"053B MUN-BELGRANO","0","NULL","2595","053","2595"
"053B MUN-BELGRANO","1","NULL","2596","053","2596"
"053B MUN-BELGRANO","0","NULL","2597","053","2597"
"053C BELGNO-H.L-UNC","1","NULL","2598","053","2598"
"053C BELGNO-H.L-UNC","0","NULL","2599","053","2599"
"053C BELGNO-H.L-UNC","0","NULL","2416","053","2416"
"053C BELGNO-H.L-UNC","1","NULL","2608","053","2608"
"053C BELGNO-H.L-UNC","1","NULL","2612","053","2612"
"053C BELGNO-H.L-UNC","0","NULL","2613","053","2613"
"053D BEL-H.L-UNC-LIC","1","NULL","2642","053","2642"
"053D BEL-H.L-UNC-LIC","0","NULL","2646","053","2646"
"054A MUN-BERM.CTRO","1","NULL","2655","054","2655"
"054A MUN-BERM.CTRO","0","NULL","2660","054","2660"
"054A MUN-BERM.CTRO","1","NULL","2453","054","2453"
"054A MUN-BERM.CTRO","0","NULL","2454","054","2454"
"054A MUN-BERM.CTRO","1","NULL","2669","054","2669"
"054A MUN-BERM.CTRO","0","NULL","2670","054","2670"
"054B MN-ESC-BERM-GOB","1","NULL","2457","054","2457"
"054B MN-ESC-BERM-GOB","0","NULL","2458","054","2458"
"054B MN-ESC-BERM-GOB","1","NULL","2672","054","2672"
"054B MN-ESC-BERM-GOB","0","NULL","2673","054","2673"
"054B MN-ESC-BERM-GOB","1","NULL","2461","054","2461"
"054B MN-ESC-BERM-GOB","0","NULL","2674","054","2674"
"054C BERM-CTRO-GOB","1","NULL","2690","054","2690"
"054C BERM-CTRO-GOB","0","NULL","2679","054","2679"
"054C BERM-CTRO-GOB","1","NULL","2687","054","2687"
"054C BERM-CTRO-GOB","1","NULL","2678","054","2678"
"054D CTRO-H.LAGO.UNC","1","NULL","3317","054","3317"
"054D CTRO-H.LAGO.UNC","1","NULL","3266","054","3266"
"054D CTRO-H.LAGO.UNC","1","NULL","3321","054","3321"
"054F CARMEN-CENTRO","1","NULL","2469","054","2469"
"054F CARMEN-CENTRO","1","NULL","3323","054","3323"
"054F CARMEN-CENTRO","1","NULL","3333","054","3333"
"054G COL.HS.GOB.CTRO","1","NULL","3335","054","3335"
"054G COL.HS.GOB.CTRO","1","NULL","2799","054","2799"
"054G COL.HS.GOB.CTRO","1","NULL","3337","054","3337"
"054H C.SEG.-CENTRO","1","NULL","3339","054","3339"
"054H C.SEG.-CENTRO","1","NULL","3259","054","3259"
"054H C.SEG.-CENTRO","0","NULL","3264","054","3264"
"054H C.SEG.-CENTRO","1","NULL","3341","054","3341"
"054H C.SEG.-CENTRO","0","NULL","3342","054","3342"
"054I C.SEGOVIA-CTRO","1","NULL","3343","054","3343"
"054I C.SEGOVIA-CTRO","0","NULL","3344","054","3344"
"054I C.SEGOVIA-CTRO","1","NULL","3345","054","3345"
"054I C.SEGOVIA-CTRO","0","NULL","3346","054","3346"
"054I C.SEGOVIA-CTRO","1","NULL","2689","054","2689"
"054I C.SEGOVIA-CTRO","0","NULL","2805","054","2805"
"054J BERM-ESC.CART ","0","NULL","3195","054","3195"
"054J BERM-ESC.CART ","1","NULL","2517","054","2517"
"054J BERM-ESC.CART ","0","NULL","2522","054","2522"
"054J BERM-ESC.CART ","1","NULL","2523","054","2523"
"054J BERM-ESC.CART ","0","NULL","2524","054","2524"
"054K-M.C.NIEVE.CTRO","1","54 NOTTIX TIRASSO","2968","054","2968"
"054K-MC.NIEVE.CTRO","0","NULL","3314","054","3314"
"054K-M.C.NIEVE.CTRO","1","NULL","3188","054","3188"
"054K-M.C.NIEVE.CTRO","0","NULL","3189","054","3189"
"055A CENTRO-C.MOLINA","0","NULL","2692","055","2692"
"055A CENTRO-C.MOLINA","0","NULL","3282","055","3282"
"055A CENTRO-C.MOLINA","0","NO APARECÍA EN EL EXCEL DE GABRIEL","3318","055","3318"
"055B-CTRO.COL SEG.","0","NULL","3267","055","3267"
"055B-CTRO.COL SEG.","0","NO APARECÍA EN EL EXCEL DE GABRIEL","3320","055","3320"
"055B-CTRO.COL SEG.","0","NO APARECÍA EN EL EXCEL DE GABRIEL","3322","055","3322"
"055C CENTRO-C.SEG.","0","NULL","2487","055","2487"
"055C CENTRO-C.SEG.","0","NULL","3324","055","3324"
"055C CENTRO-C.SEG.","0","NULL","3326","055","3326"
"055D-COLONIA H.SAUCE","0","NULL","3328","055","3328"
"055D-COLONIA H.SAUCE","0","NULL","3330","055","3330"
"055D-COLONIA H.SAUCE","0","NULL","3332","055","3332"
"055F MUN-B CARMEN","1","NULL","2715","055","2715"
"055F MUN-B CARMEN","1","NULL","2499","055","2499"
"055F MUN-B CARMEN","1","NULL","2708","055","2708"
"055G C.SEG-HS-CARMEN","0","NULL","2818","055","2818"
"055G C.SEG-HS-CARMEN","0","NULL","2724","055","2724"
"055G C.SEG-HS-CARMEN","0","NULL","2508","055","2508"
"055H C.MOLINA-CENTRO","0","NULL","2510","055","2510"
"055H C.MOLINA-CENTRO","1","NULL","2862","055","2862"
"055H C.MOLINA-CENTRO","0","NULL","2822","055","2822"
"055H C.MOLINA-CENTRO","1","NULL","2824","055","2824"
"055H C.MOLINA-CTRO ","1","NULL","3194","055","3194"
"055I BERM-CTRO-GOB","1","NULL","2878","055","2878"
"055I BERM-CTRO-GOB","0","NULL","2879","055","2879"
"055I BERM-CTRO-GOB","1","NULL","2886","055","2886"
"055I BERM-CTRO-GOB","0","NULL","2888","055","2888"
"055I BERM-CTRO-GOB","1","NULL","3198","055","3198"
"055I BERM-CTRO-GOB","0","NULL","3221","055","3221"
"055J-CENTROxCALLE 7","1","NULL","3222","055","3222"
"055J-CENTROxCALLE 7","0","NULL","3223","055","3223"
"055J-CENTROxCALLE 7","1","NULL","3255","055","3255"
"055J-CENTROxCALLE 7","0","NULL","3256","055","3256"
"056A COL-ALAM-C.GOB","1","NULL","3319","056","3319"
"056A COL-ALAM-C.GOB","1","NULL","2803","056","2803"
"056A COL-ALAM-C.GOB","0","NULL","2804","056","2804"
"056A COL-ALAM-C.GOB","1","NULL","3325","056","3325"
"056B ALAM-GOB-CTRO","1","NULL","3327","056","3327"
"056B ALAM-GOB-CTRO","1","NULL","3329","056","3329"
"056B ALAM-GOB-CTRO","1","NULL","3331","056","3331"
"056C ALA-E POUG-CAR","0","NULL","3334","056","3334"
"056C ALA-E POUG-CAR","0","NULL","3336","056","3336"
"056C ALA-E POUG-CAR","0","Termina en B  El Carmen y vuelve al Control VN sin trabajar.","2802","056","2802"
"056D-ALAM-EL CARMEN","0","NULL","3338","056","3338"
"056D-ALAM-EL CARMEN","0","NULL","3340","056","3340"
"061 M.HOYOS VANDOR","1","061 MATHUS HOYOS VANDOR","2111","061","2111"
"061 M.HOYOS VANDOR","0","061 MATHUS HOYOS VANDOR","2112","061","2112"
"061 Vand S.Y Sierr","1","061 Centro Vandor Sol y Sierra","2125","061","2125"
"061 S Y SIERRA VANDO","0","061 MATHUS HOYOS SOL Y SIERRA VANDOR CENTRO CONTROL","2132","061","2132"
"61 BAJADA VANDOR","0","61 BAJADA VANDOR CENTRO CONTROL","2128","061","2128"
"61BAJADA SOL Y SIER","0","61 MATHUS HOYOS BAJADA SOL Y SIERRA VANDOR CENTRO CONTROL","2131","061","2131"
"061 BORBOLL SY SIERR","1","BORBOLLON VANDOR SOL Y SIERRAS POR BELTRAN JUAN B JUSTO","2189","061","2189"
"061 S.Y SIERR BORB","0","SOL Y SIERRAS EL BORBOLLON ","2190","061","2190"
"062A M.HOYOS BELG ","0","NULL","1639","062","1639"
"062A M.HOYOS BELG","1","62 MATHUS HOYOS BELGRANO SIN CASA DE GOBIERNO","2109","062","2109"
"062B H.MORAL H.UNC","1","62 MATHUS HOYOS SEGUNDO CALLEJON MORALES HOSPITAL UNIVERSIDAD NACIONAL CUYO SIN CASA DE GOBIERNO","1904","062","1904"
"062A M.HOY.MOR.CTROL","0","62 MATHUS HOYOS SEGUNDO CALLEJÓN MORALES","1905","062","1905"
"062B MHOSP.UNC C.G","1","62 MATHUS HOYOS SEGUNDO CALLEJÓN MORALES HOSPITAL UNIVERSIDAD NACIONAL DE CUYO CASA DE GOBIERNO","1915","062","1915"
"062B M.H MOR.CTROL","0","62 MATHUS HOYOS SEGUNDO CALLEJÓN MORALES CONTROL GRUPO 6","1916","062","1916"
"062B M.H.MoH.UNC C.G","1","NULL","3347","062","3347"
"062B MHO HOSP. S/CG","1","NULL","2187","062","2187"
"062B MHOY H.PIRA SCG","0","NULL","2188","062","2188"
"062C M.H.SEUR B.S.M.","1","62 MATHUS HOYOS HOSPITAL SIN EUREKA POR B. S. MER SIN CASA DE GOBIERNO","2110","062","2110"
"062C M.H.SEUREK SC.G","0","62 MATHUS HOYOS HOSPITAL SIN EUREKA SIN CASA DE GOBIERNO","2133","062","2133"
"063A I.PATRI SIN C.G","1","63 INDEPENDENCIA PATRICIA SIN CASA DE GOBIERNO","1917","063","1917"
"063A INDEP.CONTROL","0","63 INDEPENDENCIA CONTROL","1948","063","1948"
"063A IND.PATRI C.GOB","1","63 INDEPENDENCIA PATRICIAS CASA DE GOBIERNO","1919","063","1919"
"063A INDEP.CONTROL","0","63 INDEPENDENCIA CONTROL","1950","063","1950"
"063B IND.AER.SIN C.G","1","63 INDEPENDENCIA AEROPUERTO SIN CASA DE GOBIERNO","1920","063","1920"
"063B AEROP.CONTROL","0","63 AEROPUERTO CONTROL","1949","063","1949"
"063B IND.AEROP.C.GOB","1","63 INDEPENDENCIA AEROPUERTO CON CASA DE GOBIERNO","1947","063","1947"
"063B IND.AER.CTROL","0","63 INDEPENDENCIA AEROPUERTO CONTROL","1951","063","1951"
"063B INEP.HOSP.S.CG","1","INDEPENDENCIA","2203","063","2203"
"063B IND.HOSP SIN CG","0","INDEPENDENCIA HOSPITAL SIN C GOB.","2768","063","2768"
"063C IND.HOSP.S.CG","1","INDEPEDENCIA-HOSPITAL-SIN EUREKA-SIN CASA DE GOBIERNO","2806","063","2806"
"063C INDP H.S/CG BSM","0","NULL","2807","063","2807"
"063C IND.H UNC C.CG","1","NULL","2811","063","2811"
"063C IND.H UNC C/CG","0","NULL","2814","063","2814"
"063D IND.PATR S.CG ","1","INDEPENDENCIA PATRICICAS SIN CASA DE GOBIERNO CON PARQUE INDUSTRIAL","2494","063","2494"
"063D IND.PC.CG C.PI","0","INDEPENDENCIA PATRICIAS SIN CASA DE GOBIERNO CON  PARQUE INDUSTRIAL","2543","063","2543"
"063A IND.PATR.SCGPI","1","63 INDEPENDENCIA PATRICIA PARQUE INDUSTRIAL SIN CASA DE GOBIERNO","2885","063","2885"
"063A IND.PATR.CGPI","0","63 INDEPENDENCIA PATRICIA PARQUE INDUSTRIAL CASA DE GOBIERNO ","2889","063","2889"
"064A UJEMVI S/C.GOB","1","B  UJEMVI SIN CASA DE GOBIERNO","2292","064","2292"
"064A UJEMVI S/C.GOB","0","B UJEMVI SIN CASA DE GOBIERNO","2368","064","2368"
"064A UJEMVI C/C.GOB","0","B UJEMVI CON CASA DE GOBIERNO","2485","064","2485"
"064A UJEMVI C/C.GOB","1","64 UJENVI CON CASA DE GOBIERNO","2880","064","2880"
"065A 1 DE MAYO","1","1 DE MAYO","2819","065","2819"
"065A 1 DE MAYO","0","1 DE MAYO","2823","065","2823"
"066A DOR MATHEU-S/CG","1","DORR-MATHEU-S/CG","2675","066","2675"
"066A DOR-MATHEU-S/CG","0","066A DORREGO MATHIU SIN CASA DE GOBIERNO","2887","066","2887"
"66 DORR-MATHEU-C/CG","1","DORREGO-MATHEU-CON CASA DE GOBIERNO","2610","066","2610"
"066A DOR-MATHEU-S/CG","0","DORREGO-MATHEU CON CASA DE GOBIERNO","2611","066","2611"
"067A EXP DORR S/CG","1","67 EXPRESO DORREGO SIN CASA DE GOBIERNO","2624","067","2624"
"067A EXP DORR S/CG","0","67 EXPRESO DORREGO SIN CASA DE GOBIERNO","2629","067","2629"
"067A EXP-DOR C/CGOB","1","67 EXPRESO DORREGO CON CASA DE GOBIERNO","2574","067","2574"
"067A EXP DOR C/CGOB","0","67 EXPRESO DORREGO CON CASA DE GOBIERNO","2575","067","2575"
"068A ORTIZ S/CG","0","ORTIZ SIN CASA DE GOBIERNO","2528","068","2528"
"068A ORTIZ S/CG","1","ORTIZ SIN CASA DE GOBIERNO","2529","068","2529"
"068A ORTIZ C/CG","1","68 ORTIZ CON CASA DE GOBIERNO ","2526","068","2526"
"068A ORTIZ C/CG","0","68 ORTIZ CON CASA DE GOBIERNO ","2527","068","2527"
"069A HOSP. NOTTI","1","069A HOSP. NOTTI","2134","069","2134"
"069A HOSP. NOTTI","0","069A HOSP. NOTTI","2135","069","2135"
"069 MUNI LAS HER","1","MUNICIPALIDAD LAS HERAS","2191","069","2191"
"069 MUNI LAS HERAS","0","NULL","2192","069","2192"
"071A GLLEN-G.CxTER","1","NULL","2421","071","2421"
"071A GLLEN-G.CxTER","0","NULL","2422","071","2422"
"071A GLLEN-G.CxTER","1","NULL","2874","071","2874"
"071A GLLEN-G.CxTER","0","NULL","2875","071","2875"
"071B GLLEN-GC-GOBxOB","1","NULL","2425","071","2425"
"071B GLLEN-GC-GOBxOB","0","NULL","2426","071","2426"
"071B GLLEN-GC-GOBxOB","1","NULL","2881","071","2881"
"071B GLLEN-GC-GOBxOB","0","NULL","2882","071","2882"
"072C S.IGN-TER-CGOB","1","NULL","2429","072","2429"
"072C S.IGN-TER-C.GOB","0","NULL","2430","072","2430"
"072C S.IGN-TER-C.GOB","1","NULL","2896","072","2896"
"072C S.IGN-TER-C.GOB","0","NULL","2897","072","2897"
"072F S.IGN COLON GOB","1","NULL","2435","072","2435"
"072F S.IGN-COLON-GOB","0","NULL","2436","072","2436"
"072F S.IGN-COLON-GOB","1","NULL","2899","072","2899"
"072F S.IGN-COLON-GOB","0","NULL","2900","072","2900"
"073A B°SUPE/Jud/C.G.","1","NULL","3014","073","3014"
"073A B°SUPE/Jud/C.G.","1","NULL","2439","073","2439"
"073A B°SUPE-Jud-C.G.","0","NULL","2442","073","2442"
"073B B°SUPE/Jud/C.G.","0","NULL","2906","073","2906"
"073B B°SUPE/Jud/C.G.","1","NULL","3013","073","3013"
"073B B°SUPE/Jud/C.G.","1","NULL","3016","073","3016"
"073C B°SUPE-Jud-C.G.","0","NULL","3020","073","3020"
"073C B°SUPE/Jud-C.G.","0","NULL","3022","073","3022"
"074A B°SUPE-Jud-C.G.","0","NULL","3015","074","3015"
"074A B°SUPE/Jud/C.G.","0","NULL","2440","074","2440"
"074A B°SUPE/Jud/C.G.","1","NULL","2441","074","2441"
"074B B°SUPE/Jud/C.G.","1","NULL","2905","074","2905"
"074B B°SUPE-Jud-C.G.","0","NULL","3018","074","3018"
"074B B°SUPE/Jud/C.G.","0","NULL","3017","074","3017"
"074C B°SUPE/Jud/C.G.","1","NULL","3019","074","3019"
"074C B°SUPE/Jud/C.G.","1","NULL","3021","074","3021"
"075A SUPE-PLAZA G.C.","1","NULL","2445","075","2445"
"075A SUPE-PLAZA G.C.","0","NULL","2446","075","2446"
"075A SUPE-PLAZA G.C.","1","75B SOl ySIERA.P.GC ","3153","075","3153"
"075A SUPE-PLAZA G.C.","0","75B SOl ySIERA.P.GC ","3160","075","3160"
"076A EXPR/SUPE/CTRO","1","NULL","2447","076","2447"
"076A EXPR-SUPE-CTRO","0","NULL","2448","076","2448"
"076A EXPR/SUPE-CTRO","0","NULL","2449","076","2449"
"081-Roca x SMartin","1","NULL","2903","081","2903"
"081-Roca x SMartin","0","NULL","2904","081","2904"
"081-Roca x SMartin ","1","NULL","2914","081","2914"
"081 Roca x SanMartín","0","NULL","2935","081","2935"
"082-S. Miguel C.Gob","1","NULL","2915","082","2915"
"082-San Miguel C.Gob","0","NULL","2936","082","2936"
"082-San Miguel C.Gob","1","NULL","2916","082","2916"
"082-San Miguel C.Gob","0","NULL","2937","082","2937"
"083 Finca González","0","NULL","2940","083","2940"
"083 Finca González","1","NULL","2977","083","2977"
"083-Finca González  ","1","NULL","2920","083","2920"
"083 Finca González","0","NULL","2941","083","2941"
"084 Minetti","0","NULL","2942","084","2942"
"084 Minetti","1","NULL","2974","084","2974"
"084-Minetti  ","1","NULL","2922","084","2922"
"084 Minetti","0","NULL","2943","084","2943"
"086-Espejo Casa Gob.","1","NULL","2923","086","2923"
"086-Espejo Casa Gob.","0","NULL","2944","086","2944"
"086-Espejo Casa Gob.","1","NULL","2924","086","2924"
"086-Espejo Casa Gob.","0","NULL","2945","086","2945"
"087-Municip.Pza. C/G","1","NULL","2925","087","2925"
"087-Municip.Pza. C/G","0","NULL","2946","087","2946"
"087-Municip.Pza. C/G","1","NULL","2926","087","2926"
"087-Municip.Pza. C/G","0","NULL","2947","087","2947"
"087 Hosp. Carrillo","0","NULL","2950","087","2950"
"087 Hosp. Carrillo","1","NULL","2976","087","2976"
"087-Municip.Salta","1","NULL","2928","087","2928"
"087-Municip.Salta","1","NULL","2930","087","2930"
"087 Municip.x Salta","0","NULL","2951","087","2951"
"087-Municip.Salta","1","NULL","2931","087","2931"
"087-Municip.Salta","0","NULL","2952","087","2952"
"088-Shopping - Notti","1","NULL","2932","088","2932"
"088 Shopping - Notti","0","NULL","2953","088","2953"
"091A S.Mart SC.Gob","1","NULL","1649","091","1649"
"091A S.Mart.SC.Gob","0","NULL","1654","091","1654"
"091A S.MART-C.GOB","1","NULL","1679","091","1679"
"091A S.Mart C/Gob","0","91 San Martin con casa de gobierno","2893","091","2893"
"091B Ba S Mar NOTT","1","091B Ba. San Martin Hospital Pediatrico SC de Gobierno","1699","091","1699"
"091B S MAR NOTT C8","0","91 BARRIO SAN MARTIN HOSPITAL NOTTI CONTROL G-8","1923","091","1923"
"091B BSMAR NOTTI","1","91 BARRIO SAN MARTIN HOSPITAL PEDIATRICO S/CG","1824","091","1824"
"091B S MAR NOTTI ","0","91 BARRIO SAN MARTIN HOSPITAL NOTTI SIN CASA DE GOBIERNO","1902","091","1902"
"091B VIAJ UNC S M","1","91 BARRIO VIAJANTES UNC BARRIO SAN MARTIN ","1926","091","1926"
"091B UNC VIAJANTES","0","91 B  SAN MARTIN UNC B  VIAJANTES ","1927","091","1927"
"092A Ba. MUNICIP","1","92 BARRIO MUNICIPAL ","1928","092","1928"
"092A Ba MUNICIP ","0","92 BARRIO MUNICIPAL TERMINAL","1929","092","1929"
"092A Ba.MUN PELUQ","1","92 BARRIO MUNICIPAL CON BARRIO LOS PELUQUEROS","1931","092","1931"
"092A Ba. PELUQ ","0","92 Ba. los Peluqueros centro ","1932","092","1932"
"092A Ba. MUNI NOTT","1","92 Ba. MUNICIPAL HOSPITAL PEDIATRICO","1933","092","1933"
"092A Ba.MUNI NOTTI","0","92 BARRIO MUNICIPAL HOSP PEDIATRICO","1934","092","1934"
"092B B MUN INF UNC","0","92 BARRIO MUNICIPAL HOSPITAL LAGOMAGGIORE UNC ","2153","092","2153"
"092B MUNI HOSP UNC","1","92 BARRIO MUNICIPAL B  INFANTA HOSPITAL LAGOMAGGIORE UNC","2154","092","2154"
"092B INFAN MUNIC","1","92-94 Barrio Infanta Barrio Municipal ","1943","092","1943"
"092B MUNIC INFANT","0","92-94 Barrio Municipal Barrio Infanta Terminal","1952","092","1952"
"092EX EXPR RECONQ","0","EXPRESO RECONQUISTA","1983","092","1983"
"092EX EXPR RECONQ","1","EXPRESO RECONQUISTA CENTRO","2156","092","2156"
"092B UNC LIC AGRIC","1","92 MUNICIPAL UNC LICEO AGRICOLA","2031","092","2031"
"092B LIC UNC MUNI","0","92 LICEO UNC BARRIO MUNICIPAL","2032","092","2032"
"ESC CHAMPAGNAT VTA","0","ESCOLAR CAMPAGNAT EL CHALLAO VUELTA","2101","092","2101"
"092ES ESC CHAMPA IDA","1","ESCOLAR CHAMPAGNAT EL CHALLAO ","2100","092","2100"
"092EX MUNIC S/C.GOB","0","130 EXP.SIN S/GOB","2122","092","2122"
"092EX RECONQ S/CG","1","EXPRESO RECONQUISTA SIN CASA DE GOBIERNO","2155","092","2155"
"092ES ESC PAROIS","1","ESCOLAR DIEGO PAROISSIENS IDA DE TARDE","2151","092","2151"
"092ES ESC PAROIS VTA","0","ESCOLAR DIEGO PAROISSIENS VUELTA DE TARDE","2152","092","2152"
"092ES ESC PAROIS VTA","1","ESCOLAR ESCUELA PAROISSIENS VUELTA","2104","092","2104"
"092ES ESC PAROIS IDA","0","ESCOLAR ESCUELA PAROISSIENS IDA","2105","092","2105"
"093 CEMENT VIAJAN","1","93-95 BARRIO VIAJANTES CEMENTISTA","1990","093","1990"
"093 CEMENT VIAJAN","0","95 BARRIO VIAJANTES ","1991","093","1991"
"093 CEMENT C/CGOB","1","93 BARRIO CEMENTISTA CON CASA DE GOBIERNO","2027","093","2027"
"093  VIAJANT C/GOB","0","95 BARRIO VIAJANTES CON CASA DE GOBIERNO","2028","093","2028"
"093 CEM-MANZOTTI","1","93 ESC. MANZOTTI","2123","093","2123"
"093 ESC. MANZOTTI","0","93/95 ESC MANZOTTI B  VIAJANTES ","2147","093","2147"
"093ES CEMEN MANZO ","1","93/95 CAS DE BOB B CEMENTISTA ESCUELA MANZOTTI","2148","093","2148"
"093ES ESC MANZO VIAJ","0","93/95 ESC MANZOTTI CASA DE GOBIERNO B  VIAJANTES ","2150","093","2150"
"094 INFANTA S CG","1","94 BARRIO INFANTA SIN CASA DE GOBIERNO","2012","094","2012"
"094 BARRIO INFANTA ","0","94 BARRIO INFANTA TERMINAL","2013","094","2013"
"094 INFANTA C/C GOB","1","94 BARRIO INFANTA CON CASA DE GOBIERNO","2025","094","2025"
"094 INFANTA C GOB","0","94 BARRIO INFANTA CON CASA DE GOBIERNO ","2026","094","2026"
"101 CADORE-CTRO-CGO","1","101 CADORE-CENTRO POR CASA DE GOBIERNO","2029","101","2029"
"101 CENTRO  B CADORE","0","101 CADORE -CENTRO-POR CASA DE GOBIERNO","2030","101","2030"
"101 CADORE CENTRO","1","NULL","2069","101","2069"
"101 CENTRO-B CADORE","0","NULL","2070","101","2070"
"102 S.CAYET-CG-HOSP","1","DE IDA B SAN CAYETANO","2042","102","2042"
"102 CAYE-6SEC-CG HOS","0","BARRIO SAN CAYETANO -6TA SECCION  CON CASA DE GOBIERNO Y HOSPITAL LAGOMAGGIORE","2071","102","2071"
"102 6ta SECC H LAGO ","1","102 B  SAN CAYETANO 6ta SECCION HOSPITAL LAGOMAGIORE","2979","102","2979"
"102 6ta DORREGO","0","102 6ta SECCION DORREGO B  SAN CAYETANO","2980","102","2980"
"103 Naza-UNC-liceo","1","Nazareno-UNC-por Julian Barraquero-Liceo Agricola","2047","103","2047"
"103 NAZA-UNC-L.AGRI","0","NAZARENO-UNC-JULIAN BARRAQUERO-LICEO AGRICOLA","2048","103","2048"
"103 NAZ-UNC-JBJUS-LI","1","NULL","2049","103","2049"
"103 NAZ-UNC-JBJUS-LI","0","NULL","2050","103","2050"
"103 NA-QI-UNI-UNC-LI","1","NULL","2051","103","2051"
"103 NA-QI-UNI-UNC-LI","0","NULL","2052","103","2052"
"103 NAZ-S/UNC X BARR","1","NULL","2053","103","2053"
"103 NAZ-S/UNC X BARR","0","NULL","2054","103","2054"
"103 NA-S/UNC X JBJUS","1","NULL","2055","103","2055"
"103 NA-S/UNC X JBJUS","0","NULL","2056","103","2056"
"103 NA-QUI-DAD S/UNC","1","NULL","2057","103","2057"
"103 NA-QUI-DAD.S/UNC","0","NULL","2058","103","2058"
"103 NA-QUI-UNC S/DAD","0","NULL","3133","103","3133"
"103 NA-QUI-UNC S/DAD","1","NULL","3134","103","3134"
"103 NA-UNC X BARR-LI","1","NAZ-UNCXBARRAQ-LICEO","2061","103","2061"
"103 NA-UNC X BARR-LI","0","NAZ-UNCXBARRAQ-LICEO","2062","103","2062"
"103 NA-UNCxJBJ-LI SC","1","NAZARENO-UNC POR JUAN B JUSTO-LICEO AGRICOLA AP. SAN CAYETANO","2063","103","2063"
"103 NA-UNCxJBJ-LI.SC","0","NAZARENO-UNC POR JUAN B JUSTO-LICEO AGRICOLA AP. SAN CAYETANO","2064","103","2064"
"104 UNIMEV-BANC CG","1","NULL","2044","104","2044"
"104 BANCAR CG UNIMEV","0","104 CON CASA DE GOBIERNO UNIMEV CONTROL","2901","104","2901"
"104 UNIMEV BANC S CG","1","BARRIO UNIMEV","2067","104","2067"
"104 UNIMEV-BANC-S/CG","0","BARRIO UNIMEV","2068","104","2068"
"111 C.HIPICO-E.G.B.","1","111 C.HIPICO-E.G.B.","3023","111","3023"
"111 FAV-UNC-H.CTRAL","0","111 C.HIPICO-E.G.B.","3026","111","3026"
"111 C.HIP-EGB-B OLIV","1","111 C.HIP-EGB-B OLIV","3035","111","3035"
"111 CTRO-LH-H.CTRAL","0","111 C.HIP-EGB-B OLIV","3037","111","3037"
"111C HIPICO.OLIVARES","1","NULL","3024","111","3024"
"111 CTRO-LH-xH.CTRAL","0","NULL","3034","111","3034"
"114-115 SANID CHALL","1","NULL","2213","114","2213"
"114-115 CHALLAO CTRO","0","NULL","2214","114","2214"
"114SDAD.CHALL.S.ISID","1","Activar para fiesta Virgen de Lourdes","2556","114","2556"
"114SDAD.CTRO","0","Activar para fiesta Virgen de Lourdes","2557","114","2557"
"116-B.Matheu-UNC-Zoo","1","116-Bo.Matheu - UNC","2933","116","2933"
"116-B.Mat.-UNC-Zoo","0","NULL","2954","116","2954"
"116-B.Mat.-UNC-Zoo","1","116-Bo.Matheu - Zoo","2934","116","2934"
"116-B.Mat.-UNC-Zoo","0","116-Bo.Matheu - Zoo","2955","116","2955"
"121 B La Glo x R.P.","1","121 B La Glo x R.P.","2157","121","2157"
"121 B La Gloria x RP","0","B  La Gloria por Rodriguez Peña","2158","121","2158"
"121 9Jul-Als-C.IMPSA","1","NULL","2084","121","2084"
"121 B LGLOR-9JUL-ALS","0","B La Gloria por 9 de julio-Alsina-Club Impsa","2163","121","2163"
"122 B LA GLO-P.OLIVE","1","B  LA GLORIA POR PUENTE OLIVE","2169","122","2169"
"122 B LA GLO-P.OLIVE","0","B  LA GLORIA POR PUENTE OLIVE","2171","122","2171"
"123 B ANT. GC CTRO","1","BARRIO ANTARTIDA","2170","123","2170"
"123 B ANT PLA G/CRUZ","0","123 BARRIO ANTARTIDA B  EL MIRADOR PLAZA G CRUZ ","2177","123","2177"
"124 DIRECTO ACC SUR","1","124 DIRECTO  PÒR ACCESO SUR","2159","124","2159"
"124 LA GLOR ACC SUR","0","124 LA GLORIA POR ACCESO SUR ","2160","124","2160"
"124 B L.Glor-Dir-Cos","1","B  La Gloria -Directo por Costanera","2172","124","2172"
"124 B L.Glo-Dir-Cost","0","B La Gloria Directo por Costanera","2173","124","2173"
"125 B LA GLO V NUEVA","1","125 BARRIO LA GLORIA VILLA NUEVA HOSPITAL NOTTI","2183","125","2183"
"125 V NUE LA GLORIA","0","125 VILLA NUEVA HOSPITAL NOTTI PLAZA GODOY CRUZ B  LA GLORIA","2184","125","2184"
"131 B VICT ACC.NOR","1","131 BARRIO VICTORIA POR ACCESO NORTE","2136","131","2136"
"131B VICT ACC.NOR","0","131 BARRIO VICTORIA POR ACCESO NORTE","2137","131","2137"
"131A BORB-CTRO X ACC","0","BORBOLLON DE CENTRO A ZONA POR ACCESO NORTE  No corresponde ida","2863","131","2863"
"131A BORB X ACC","1","BORBOLLON POR ACCESO NORTE","2864","131","2864"
"131A BORB X ACC","0","BORBOLLON POR ACCESO NORTE","2869","131","2869"
"131B CUYAN X ACC N","1","131 CUYANITA POR ACCESO NORTE A BORBOLLON","2639","131","2639"
"131B CUYAN X ACC N","0","131 CUYANITA POR ACCESO NORTE A BORBOLLON","2640","131","2640"
"131B CUYANITA BORBO","1","131 CUYANITA POR CALLE MAIPÚ A BORBOLLON","2635","131","2635"
"131B CUYANITA BORBO","0","131 CUYANITA POR CALLE MAIPÚ A BORBOLLON","2636","131","2636"
"132 B VIC PZA LS HS","1","BARRIO VICTORIA PLAZA LAS HERAS ","2537","132","2537"
"132 B VIC PZA LS HS","0","LAS HERAS CALLE MAIPU EL BORBOLLON","2538","132","2538"
"133A B VICT X MAIPU","1","133 B VICTORIA X MAIPU","2138","133","2138"
"133A B VICT X MAIPU","0","NULL","2144","133","2144"
"133A B VICT C/GOB","1","133A B VICTORIA X MAIPU C/GOB","2146","133","2146"
"133A B VIC X MPU C.G","0","NULL","2165","133","2165"
"133A B VICT X ZAPATA","1","133A B VICTORIA POR CALLE ZAPATA","2166","133","2166"
"133A B VIC. X ZAPATA","0","133A B VICTORIA X CALLE ZAPATA","2168","133","2168"
"133B BORBO X C MAIPU","1","BORBOLLON POR CALLE MAIPU","2870","133","2870"
"133B BORB X C MAIPU","0","BORBOLLON POR CALLE MAIPÚ","2871","133","2871"
"133B BORB X MAIPU CG","1","NULL","2957","133","2957"
"133B BORB X MAIPU CG","0","NULL","2958","133","2958"
"133B BORB MPU CUY","1","133B BORBOLLON POR CALLE MAIPÚ A CUYANITA","2681","133","2681"
"133B BORB A CUY","0","133B BORBOLLON POR CALLE MAIPÚ A CUYANITA","2682","133","2682"
"133C ALG CTRO MPU V","1","133C ALGARROBAL-CENTRO-CALLE MAIPU-B  VICTORIA","2566","133","2566"
"133C ALG CTRO MPO V","0","ALGARROBAL-CENTRO-CALLE MAIPU-B  VICTORIA","2568","133","2568"
"133D VIC CEN MPU AL","1","B VICTORIA-CENTRO POR C. MAIPÚ-ALGARROBAL DE ABAJO","2536","133","2536"
"133D VI CTRO MPU ALG","0","B VICTORIA-CENTRO-CENTRO MAIPÚ-ALGARROBAL DE ABAJO","2539","133","2539"
"133D VIC ALG ZAPATA","1","NULL","2377","133","2377"
"133D VIC ALG ZAP","0","133 B  Victoria al Algarrobal Por Zapata","2433","133","2433"
"133C ALG ABA VICT CG","1","133 ALGARROBAL ABAJO B VICTORIA CASA GOBIERNO X MAIPU","2330","133","2330"
"133C ALG VIC CG MPU","0","NULL","2371","133","2371"
"133E BORBOLL.ZAPATA","1","133E BORBOLLON POR CALLE ZAPATA","2311","133","2311"
"133E BORBO X ZAPATA","0","NULL","2318","133","2318"
"133D VIC LA PEGA","1","133D B  VICTORIA CENTRO","2200","133","2200"
"133D CENT ALG PEGA","0","133D CENTRO ALGARROBAL LA PEGA CONTROL ","2201","133","2201"
"133C ALG PEGA CTRO ","1","NULL","2198","133","2198"
"133C ALG PEGA CTRO","0","AGARROBAL ABAJO-LA PEGA-CENTRO B  VICTORIA-CONTROL","2262","133","2262"
"151-MPU-MZA LIN/TERR","1","151-MAIPU-MENDOZA POR LINEA VUELTA POR TERRADA","3132","151","3132"
"151-MZA-MAIPU TERR","0","NULL","3155","151","3155"
"151 MPU PTE OLIV MZA","1","MAIPU PUENTE OLIVE MENDOZA ","1615","151","1615"
"151 MZA PTE OLI MPU","0","MENDOZA PUERNTE OLIVE MAIPÚ","1617","151","1617"
"151-PTE OLIVE C GOB","1","MAIPÚ PTE OLIVE CON C/ GOBIERNO MENDOZA","1623","151","1623"
"151-MZA P OLIVE MPU","0","MENDOZA PUENTE OLIVE MAIPÚ","1624","151","1624"
"151 ESCOL VIEYTES","1","ESCOLAR VIEYTES","1974","151","1974"
"151 ESCOL VIEYTES","0","ESCOLAR VIEYTES","2975","151","2975"
"ESC.VIRG CAR DE CUYO","1","ESCUELA VIRGEN DEL CARMEN DE CUYO 1/2 DIA","3139","151","3139"
"ESC.VIRG CARM CUYO","0","NULL","3154","151","3154"
"ESC.VIEYTES TARDE","1","ESCOLAR VIEYTES DE TARDE","3094","151","3094"
"ESC IVCC TARDE","0","NULL","3156","151","3156"
"151 ESCOL IVCC ","1","ESCOLAR IVCC TARDE","1978","151","1978"
"151 ESCOL IVCC ","0","ESCOLAR IVCC VUELTA","2978","151","2978"
"ESCOLAR VIEYTES","1","NULL","3069","151","3069"
"151-MPU BDO PTE OL","1","MPÚ BOEDO PTE OLIVE MDZ","1625","151","1625"
"151-MZA PTE O BDO MP","0","MENDOZA POR PUENTE OLIVE BOEDO MAIPÚ","1626","151","1626"
"152MZA-AC S-TERR-MPU","0","RECORRIDO 152 -MAIPU POR TERRADA-ACCESO SUR ","1620","152","1620"
"152MPU MZA TER ACC S","1","152 MAIPÚ MENDOZA TERRADA POR ACCESO SUR","3051","152","3051"
"153 MAIPU-MZA x MAZA","1","Maipú - Mendoza  por Maza ","1703","153","1703"
"153 MZA-MAIPU x MAZA","0","Mendoza Maipú por Maza ","1704","153","1704"
"153 MPU-MZA-CGOB-MAZ","1","NULL","1936","153","1936"
"153 MAIPU-MZA-MAZA","0","NULL","1937","153","1937"
"155 MPU MZA EXP.MAZA","1","NULL","1939","155","1939"
"155 MZA-MPU EXP.MAZA","0","NULL","1940","155","1940"
"161-MAIP-EXP.URQ-MZA","1","161- MAIPU EXPRESO URQUIZA-MENDOZA","1610","161","1610"
"161-MZA-EXP.URQ-MAIP","0","161- MAIPU-EXPRESO URQUIZA-MENDOZA","1611","161","1611"
"161 MPU-EXP.STEA-MZA","1","161-MAIPU-EXPRESO-SARRATEA-MENDOZA","1613","161","1613"
"161-MZ-EXP.STEA-MAIP","0","161-MAIPU-EXPRESO SARRATEA-MENDOZA","1614","161","1614"
"162 MAIP H ITAL MZA","1","162 LINEA POR HSPITAL ITALIANO MENDOZA ","1675","162","1675"
"162A MENDOZA MAIPU ","0","MENDOZA POR LINEA MAIPU","1676","162","1676"
"162-T.SOSA-HOSP.ITAL","1","RECORRIDO 162 BARRIO TROPERO SOSA - HOSPITAL ITALIANO.","1621","162","1621"
"162A-H.ITAL.B.T.SOSA","0","RECORRIDO 162 BARRIO TROPERO SOSA- HOSPITAL ITALIANO","1622","162","1622"
"162-MAL T SOSA MZA","1","BARRIO MALCAYAE TROPERO SOSA MENDOZA","1678","162","1678"
"162C-MZA-TROP.S-MAL","0","Recorrido 162- Malcayanes -Tropero Sosa","1680","162","1680"
"162-C.GOB-REF.TERR","1","CASA DE GOBIERNO-REFUERZO TERRADA","1632","162","1632"
"162-REF.TERR-C.GOB.","0","CASA DE GOBIERNO -REFUERZO TERRADA","1633","162","1633"
"162-MPU-MZA-C.GOB","1","162-POR CASA DE GOBIERNO","1641","162","1641"
"162B MENDOZA MAIPU","0","NULL","1648","162","1648"
"162 PESCARA H IT MZA","1","162B LINEA POR PESCARA HOSPITAL ITALIANO MENDOZA","1630","162","1630"
"162B PESCARA MAIPU","0","162 PESCARA MAIPÚ ","1631","162","1631"
"162-BOEDO MAIPU","0","NULL","3211","162","3211"
"162 M Y T SOSA MZA","1","162 MALCAYAE Y TROPERO SOSA MENDOZA","1684","162","1684"
"162C MZA MAL T.S.MPU","0","162 MENDOZA BARRIO MALCAYAE TROPERO SOSA MAIPÚ","1685","162","1685"
"162C Ref.CG C Rioja","1","162 LINEA POR HSPITAL ITALIANO MENDOZA ","3212","162","3212"
"162C Ref.CG C Rioja","0","MENDOZA POR LINEA MAIPU","3213","162","3213"
"162 BOEDO C.GOB MZA","1","162 POR BOEDO C/ CASA DE GOBIERNO MENDOZA  codigo redbus 128","1628","162","1628"
"162 BOEDO C-GOB MPU","0","162 POR BOEDO  CON CASA DE GOBIERNO MAIPÚ  codigo redbus 128","1629","162","1629"
"163 MAIPU-MZA P.NAZ","1","NULL","1647","163","1647"
"163 MZA-MAIPU X NAZ","0","Mendoza-Maipú por Nazareno","1696","163","1696"
"163-NAZARENO-CENTRO","1","RECORRIDO DESDE EL B NAZARENO AL CENTRO","1955","163","1955"
"163 NAZARENO-VUELTA","0","RECORRIDO 163 NAZARENO DESDE EL CENTRO AL B  NAZARENO","1959","163","1959"
"ESC COMERCIO COQUIM","1","NULL","3257","165","3257"
"ESC COMERCIO S EDUAR","1","NULL","3258","165","3258"
"165 LOC COQ MPU","1","165 LOCAL COQUIMBITO MAIPU","1686","165","1686"
"165 MPU COQUIMBITO","0","165 MAIPU COQUIMBITO ","1687","165","1687"
"ESC.GABRIELLI(maña)","1","ESCUELA GABRIELLI CORTO DE MAÑANA","1960","165","1960"
"ESC.GABRIELLI","0","NULL","3062","165","3062"
"ESC GABRIELLI CORTO","1","NULL","3260","165","3260"
"165ES Esc. Gabriell","0","NULL","1973","165","1973"
"LOCAL ESC.GABR LAR","1","LOCAL ESCULA GABRIELLI LARGO ","2972","165","2972"
"ESCOLAR GABRIELI","1","NULL","1963","165","1963"
"165 coq. san eduardo","1","165 COQUIMBITO MAIPÚ BARRIO SAN EDUARDO","1691","165","1691"
"LOCAL COQUIM LUZUR","0","LOCAL COQUIMBITO LUZURIAGA","1694","165","1694"
"166 UTMA S CAY P.VA","1","UTMA-SAN CAYETANO POR REDRO VARGAS","1964","166","1964"
"166 UTMA-S.CAY-P.VAR","0","UTMA-SAN CAYETANO POR P. VARGAS","2910","166","2910"
"166 UTMA-S.CAY-LAMA","1","UTMA-SAN CAYETANO POR LAMADRID","1966","166","1966"
"166 UTMA-S.CAY-LAMA","0","UTMA-SAN CAYETANO POR LAMADRID","2909","166","2909"
"163 UTMA ANTAR","1","163 UTMA ANTARTIDA ","1968","166","1968"
"166 B ANTA-CTRO-DORR","0","BARRIO ANTARTIDA CENTRO POR DORREGO","2912","166","2912"
"166 NAZ-CG X DORR","1","NAZARENO CON CASA DE GOBIERNO POR DORREGO","2913","166","2913"
"166 NAZAR CG XDORR","0","NULL","2966","166","2966"
"171 MPU.COQ.R.CR.MZA","1","Maipú - Coquimbito - Rodeo de la Cruz - Mendoza","1906","171","1906"
"171 MPU.COQ.R.CRZ.MZ","1","Maipú - Coquimbito - Rodeo de la Cruz - Mendoza","1909","171","1909"
"171 Mpu.R.Cruz-Mza","1","Maipú - Rodeo de la Cruz - Mendoza","1956","171","1956"
"171 Maipu.R.Cruz-Mdz","1","Maipu - Rodeo de la Cruz - Mendoza","1985","171","1985"
"171 V.VIÑ.GUTIERR.LC","1","171 V.VIÑEDO Z.ALCOHOLERA GUTIERREZ","2637","171","2637"
"171 Z.ALCOH.GUT.MPU","0","171 V.VIÑEDO Z.ALCOHOLERA GUTIERREZ","2641","171","2641"
"171 MPU.RPEÑA.MDZ","1","Maipú - Rodriguez Peña - Mendoza","2107","171","2107"
"171 R.CRUZ GUT.MAIPU","0","171 V.NUEVA R.CRUZ GUTIERREZ","2620","171","2620"
"171 Maipú-R.Peña-Mdz","1","Maipú - Rodriguez Peña - Mendoza","2118","171","2118"
"171 Mdz-R.Cruz-MPU","0","Mendoza - Rodeo de la Cruz - Maipú","2119","171","2119"
"171 R.CRUZ V.VIÑEDO","0","171 V.VIÑDO V.NUEVA R.CRUZ","2615","171","2615"
"171 MAIPÚ.R.CRUZ.MDZ","1","171V.NUEVA R.CRUZ X GUTIERREZ","2959","171","2959"
"171 R.CRUZ MZA","1","171 V.VIÑEDO R.CRUZ V.NUEVA MZA","2616","171","2616"
"171 RCRUZ V.VIÑ.GUT","0","171 V.VIÑEDO V.NUEVA R.CRUZ GUTIRREZ ","2617","171","2617"
"171 R.CRUZ V.NUV.MZA","1","171 V.VIÑEDO R.CRUZ MZA R.CRUZ MAIPU","2618","171","2618"
"171 R.CRUZ GUT.MAIPU","0","171 V.NUEVA R.CRUZ GUTIERREZ","2619","171","2619"
"171 RCRUZ V.NUV.MZ","1","171 V.VIÑEDO V.NUEVA R.CRUZ MZA","2621","171","2621"
"171 MPU.VIÑ.RCRUZ.MZ","1","Maipú - Viejo Viñedo - Rodeo de la Cruz - Mendoza","2224","171","2224"
"171 MZ.RCRUZ.VVIÑEDO","0","Mendoza - Rodeo de la Cruz - Viejo Viñedo","2249","171","2249"
"171 MPU.VIÑ.RCRUZ.MZ","1","NULL","2225","171","2225"
"171 MPU.VIÑ.RCRUZ.MZ","1","Maipú - Viejo Viñedo - Rodeo de la Cruz - Mendoza","2226","171","2226"
"171 MPU.VIÑ.RCRUZ.MZ","1","Maipú - Viejo Viñedo - Rodeo de la Cruz - Mendoza","2227","171","2227"
"171 MZ.RCRUZ.MPU","0","Mendoza - Rodeo de la Cruz - Maipú","2544","171","2544"
"171 MPU.VIÑ.RCRUZ.MZ","1","Maipú - Viejo Viñedo - Rodeo de la Cruz - Mendoza","2228","171","2228"
"171 MZ.RCRUZ.VIÑ.MPU","0","Mendoza - Rodeo de la Cruz - Viejo Viñedo - Maipú","2275","171","2275"
"171 V.VIÑ.RCRUZ MZ","1","171 V.VIÑEDO V.NUEVA R.CRUZ GUTIERREZ","2626","171","2626"
"171 MZ V.NVA.RCRUZ","1","171 V.VIÑEDO V.NUEVA R.CRUZ GUTIERREZ","2631","171","2631"
"171 R.CRUZ GUTIERR.","0","171 V.NUEVA R.CRUZ GUTIERREZ","2634","171","2634"
"172 Maipu-R.Cruz-Mdz","1","Maipu - Rodeo de la Cruz - Mendoza","2016","172","2016"
"172 Mpu-R.Cruz-Mdz","1","Maipú - Rodeo de la Cruz - Mendoza","2019","172","2019"
"172V.NUEV.R.CRUZ MZA","1","172 MAIPU.R.CRUZ RUTTINI ORTEGA 173","2894","172","2894"
"172Maipú-R.Cruz-Mdz","1","Maipú - Rodeo de la Cruz - Mendoza","2024","172","2024"
"172Mdz-R.Cruz-Maipú","0","Mendoza - Rodeo de la Cruz - Maipú","2043","172","2043"
"172- MPU.R.PEÑA.MDZ","1","Maipú - Rodriguez Peña - Mendoza","2113","172","2113"
"172 MDZ.R.CRUZ.MPU","0","Mendoza - Rodeo de la Cruz - Maipú","2116","172","2116"
"172 MPU R.PEÑA.R.MDZ","1","Maipú - Rodriguez Peña - Mendoza","2141","172","2141"
"172MDZ.R.CRUZ.MAIPÚ","0","Mendoza - Rodeo de la Cruz - Maipú","2142","172","2142"
"172 MDZ.R.CRUZ.MPÚ","0","Mendoza - Rodeo de la Cruz - Maipú","2162","172","2162"
"172 MAIPÚ.R.PEÑA.MDZ","1","Maipú - Rodriguez Peña - Mendoza","2167","172","2167"
"172 MDZ.R.CRUZ.MPÚ","0","Mendoza - Rodeo de la Cruz - Maipú","2178","172","2178"
"172 MAIPÚ.R.PEÑA.MDZ","1","Miapú - Rodriguez Peña - Mendoza","2179","172","2179"
"172 R.CRUZ.MDZ","1","Rodeo de la Cruz - Mendoza","2434","172","2434"
"MDZ.R.CRUZ.MAIPÚ","0","Mendoza - Rodeo de la Cruz - Maipú","2532","172","2532"
"172 COQ.R.CRUZ MZA","1","172 V.NUEVA R.CRUZ COQ.T.SOSA","2604","172","2604"
"172 R.CRUZ MZA","1","172 R.CRUZ V.NUEVA MZA","2633","172","2633"
"172CENS-MPU R.C.MZA","1","172 ESC.CENS MAIPU RODEO DE LA CRUZ COQUIMBITO 173","3307","172","3307"
"173 MDZ.R.PEÑA.MAIPÚ","0","Mendoza - Rodriguez Peña - Maipú","2319","173","2319"
"173MZ GCR.V.VIÑ Mpu.","0","Mendoza - G.Cruz - R.Peña - Coquimbito - V.Viñedo - Maipú","1911","173","1911"
"173 R.CRUZ.MDZ","1","Rodeo de la Cruz- Mza.","2034","173","2034"
"173 R.Cruz-Mdz","1","Rodeo de la Cruz - Mendoza","1957","173","1957"
"173Mz-Rutt.Ort-Mpu","0","Mendoza - Ruttini - Ortega - Maipú","1958","173","1958"
"MAIPÚ.R.CRUZ.MDZ","1","Maipú - Rodeo de la Cruz - Mendoza","2872","173","2872"
"173B MZ.Z.ALC.ORT","0","Mendoza - Zona Alcoholera - Ortega","2873","173","2873"
"173 MZ GCRUZ.COQ.MPU","0","Mendoza - Plaza Godoy Cruz - R.Peña - Coquimbito - Maipú ","2018","173","2018"
"173 R.Cruz-Mdz","1","Rodeo de la Cruz - Mendoza","2033","173","2033"
"173 R.Cruz-Mdz ","1","Rodeo de la Cruz - Mendoza","2020","173","2020"
"173 Mz-Rutt.Ort-MPU","0","Mendoza - Ruttini - Ortega - Maipú","2022","173","2022"
"173 R.de la Cruz-Mdz","1","Rodeo de la Cruz - Mendoza ","2021","173","2021"
"173 Mdz.Z.Alcoho.Ort","0","Mendoza - Zona Alcoholera - Ortega","2023","173","2023"
"173 MAIPÚ.R.PEÑA.MDZ","1","Maipú - Rodriguez Peña - Mendoza","2099","173","2099"
"173 MAIPÚ.R.PEÑA.MDZ","1","Maipú - Rodriguez Peña - Mendoza","2115","173","2115"
"173 MPU.ORT.RPEÑA.MZ","1","Maipú - Ortega - Rodriguez Peña - Mendoza","2127","173","2127"
"173 MPU.ORT.RPEÑA.MZ","1","Maipú - Ortega - Rodriguez Peña - Mendoza","2140","173","2140"
"173 MPÚ.Z.ALCOHO.MZ","1","Maipú - Zona Alcoholera - Rodriguez Peña - Mendoza","2182","173","2182"
"173 EXP.MPU.RPEÑA MZ","1","Expreso  Maipú - R.Peña Mza ","1709","173","1709"
"173EXP.MZA MPU RPEÑA","0","Expreso Rodríguez Peña Mendoza Maipú","1710","173","1710"
"173 EXP.NECH.MPU MZA","1","Expreso  Maipú   Ortega Necochea Rodríguez Peña Mendoza","1711","173","1711"
"173 EXP.NEC.MZA MPU","0","Expreso  Ortega Necochea Rodríguez Peña Mendoza Maipú","1712","173","1712"
"173 Z.IND.GCRUZ V.V.","1","173 ZONA IND.PL.G.CRUZ COQ.T.SOSA V.VIÑ.","2622","173","2622"
"173 R.PEÑA.V.V.COQ","0","173 Z.IND.PL.G.CRUZ.COQ.T.SOSA V.VIÑEDO","2623","173","2623"
"173 R.CRUZ.MDZ","1","Rodeo de la Cruz - Mendoza","2344","173","2344"
"173 MZ.RPEÑA.VVIÑEDO","0","Mendoza - Rodriguez Peña - Viejo Viñedo","2369","173","2369"
"173 MZA R.PEÑA ORT.","1","173 ZONA IND.PL.GCRUZ ORT.V.VIÑEDO","2605","173","2605"
"173 RPEÑA V.VIÑ.ORT.","0","173 ZONA IND.PLA.G.CRUZ.COQ.T.SOSA .V.VIÑEDO","2606","173","2606"
"173 Z.IND.GCRUZ COQ","1","173 ZONA IND.PL.G.CRUZ COQ.T.SOSA","2627","173","2627"
"173 R.PEÑA COQ.TSOSA","0","173 ZONA IND. PL.G.CRUZ COQ.T.SOA","2628","173","2628"
"173 COQ.R.PEÑA MZA","1","173 MAIPU R.PEÑA MZA R.CRUZ V.VIÑEDO 171","2630","173","2630"
"173MZA GC.B.MOR.MPU","0","MAIPU MENDOZA POR B.MORON - PTE OLIVE - PL. GODOY CRUZ ","1714","173","1714"
"173MPU.MZA MOR.GC.MZ","1","MAIPU MENDOZA POR B.MORON - PTE OLIVE - PL. GODOY CRUZ  ","3350","173","3350"
"173EXP.MPU.ACCEST.MZ","1","Expreso - Maipú - B° 25 De Mayo - Acceso Este - Mendoza","3348","173","3348"
"173 MZA ACCEST.MPU","0","Expreso Mendoza - Acceso Este - B° 25 De Mayo - Maipú","3349","173","3349"
"173 R.CRUZ MZA","1","172 ESC.CENS MAIPU RODEO DE LA CRUZ COQUIMBITO 173","3308","173","3308"
"173 R.PEÑA COQ.MPU","0","172 ESC.CENS 172 MAIPU RODEO DE LA CRUZ COQUIMBITO 173","3309","173","3309"
"173 R.PEÑA COQ.MPU","0","172 ESC.CENS 172 MAIPU RODEO DE LA CRUZ COQUIMBITO 173","3310","173","3310"
"174TSOSA MZA P.GCRUZ","1","B° Amupe -  Tropero Sosa Mendoza por Plaza Godoy Cruz","1713","174","1713"
"174MZA P.GCRUZ TSOSA","0","Mendoza por Plaza Godoy Cruz Maipú - Tropero Sosa - B° Amupe","3351","174","3351"
"174 T.SOSA MZA COST.","1","B° Amupe - Tropero Sosa - Mendoza por Costanera","2185","174","2185"
"174MZA P.GCRUZ TSOSA","0","Mendoza Por Pl.Godoy Cruz - Tropero Sosa B° Amupe","2186","174","2186"
"174R.ESC.MZA P.GCRUZ","1","B° Remedios de Escalada T.Sosa Maipú Mza por Plaza Godoy Cruz","2194","174","2194"
"174MZA TSOSA P.GCRUZ","0","Mza por Plaza Godoy Cruz Maipú T.Sosa ","2195","174","2195"
"174 C.BARRO MZ GCRUZ","1","Castro Barros - Tropero Sosa Mza por Plaza de Godoy Cruz","2196","174","2196"
"174 MZ P.GCRUZ TSOSA","0","Mza por Plaza de Godoy Cruz Tropero Sosa ","2197","174","2197"
"174 CBARROS MZA COST","1","Castro Barros - Tropero Sosa Mza por Costanera","2220","174","2220"
"174 MZ P.GCRUZ TSOSA","0","Mza Por Pl.Godoy Cruz Tropero Sosa","2222","174","2222"
"174T.S.MALC.MZ GCRUZ","1","B° Malcayae - Tropero Sosa Mendoza por Plaza Godoy Cruz","2306","174","2306"
"174MZ GCRUZ MALC.T.S","0","Mendoza por Plaza Godoy Cruz B° Malcayae  Tropero Sosa ","2308","174","2308"
"174 TSOSA Z.IND.MZA","1","B° Tropero Sosa - Zona Industrial","1725","174","1725"
"1743ESQ.T.S.MALC.MZA","1","3 ESQUINAS TROPERO SOSA MALCAYAE MENDOZA POR PLAZA G. CRUZ","1756","174","1756"
"174MZA G.CRUZ T.SOSA","0","MENDOZA POR PLAZA G.CRUZ MALCAYAES T.SOSA","2474","174","2474"
"174MZA GCRUZ T.SOSA","1","174 B°AMUPE-T.SOSA MZA PL.G.CRUZ 3ESQ.","2477","174","2477"
"174MZA GCRUZ MPU T.S","0","MENDOZA POR PLAZA G. CRUZ MAIPU TROPERO SOSA B° AMUPE","2519","174","2519"
"174 TSOSA MPU.GC.MZ","1","B° AMUPE TROPERO SOSA MENDOZA POR P. GODOY CRUZ 3 ESQUINAS","2520","174","2520"
"174MZ MPU.TSOSA.3ESQ","0","MENDOZA POR P. GODOY CRUZ MAIPU TROPERO SOSA 3 ESQUINAS","2521","174","2521"
"174 TSOS.BJAZM.GC.MZ","1","B° Amupe -Tropero Sosa Mza por Pl. Godoy Cruz -(APERTURA LOS JAZMINES)","1765","174","1765"
"174MZA MPU.JAZM.TSOS","0","Mza por Pl. Godoy Cruz - Maipú - B°Los Jazmines -Tropero Sosa - B° Amupe","2820","174","2820"
"174CHACH.MPU.MZA","0","Chachingo por Urquiza Paraíso Ruta 60 Malcayae - Maipú - R. Peña - Mendoza","1839","174","1839"
"175 MAIPU-LUJAN","1","Maipu - Lujan","1769","175","1769"
"175 LUJAN-MAIPU","0","LUJAN MAIPU","1770","175","1770"
"175 MPU LUJAN SUP ","1","Maipú - Lujan - Maipú (Superiora de ida)","1771","175","1771"
"175 LUJAN MAIPU","0","LUJAN MAIPU","1772","175","1772"
"175 LUJAN MAIPU MZA","0","LUJAN MAIPU MZA","1774","175","1774"
"175 MZA MAIP LUJ","1","NULL","2696","175","2696"
"175 MZA MAIP.LUJ.SUP","1","Mendoza - Lujan por Maipú (entra a la Superiora de ida y vuelta)","2876","175","2876"
"175 LUJ.MAIP.SUP MZA","0","Lujan por Maipú Mendoza - (entra a la Superiora de ida  y vuelta) ","2877","175","2877"
"175 MAIP.REC.LUJAN","1","Maipú - Recoaro - Luján","1898","175","1898"
"175 LUJAN REC.MAIPU","0","Luján - Recoaro - Maipú ","2773","175","2773"
"181MZA MPU.PMOL.CAGR","1","Mendoza - Pedro Molina - C. Agrarias(Superiora de vuelta) ","1777","181","1777"
"181C.AGR.SUP.MPU.MZA","0","Mendoza - Pedro Molina - C. Agrarias(Superiora de vuelta) ","1778","181","1778"
"181MZA MPU.SUP.CAGR","1","Mendoza - Pedro Molina - C. Agrarias(Superiora de ida ) - Maipú","1779","181","1779"
"181C.AGR.SUP.MPU.MZA","0","C. Agrarias - Pedro Molina - Maipú Mendoza  ","1780","181","1780"
"181MZA MPU.SUP.CAGR.","1","Mendoza - Pedro Molina - C. Agrarias(Superiora de ida ) - Maipú ","1781","181","1781"
"181C.AGR.P.MOL.MPU","0","C. Agrarias - Pedro Molina - Maipú ","1782","181","1782"
"181MZA.MPU.SUP.C.AGR","1","Mendoza - Pedro Molina - C. Agrarias(Superiora de ida y de vuelta )","1783","181","1783"
"181C.AGR.SUP.MPU.MZA","0","C. Agrarias - Pedro Molina - (Superiora) Maipú Mendoza","1784","181","1784"
"181 MPU.SUP.C.AGR","1"," Maipú Pedro Molina - C. Agrarias(Superiora)","1785","181","1785"
"181C.AGR.SUP.MPU.MZA","0","C. Agrarias - Pedro Molina (Superiora) - Maipú - Mendoza ","1786","181","1786"
"181 MZA MAIP.P.MOL.","1","181MENDOZA PEDRO MOLINA C.AGRARIAS SUP.IDA ","3162","181","3162"
"181MZA MPUSUP.C.AGR.","1","181 MZA P.MOLINA C.AGRARIAS SUPERIORA DE IDA","3164","181","3164"
"181P.MOL.MPU MZA","0","181 MZA P.MOLINA C.AGRARIS SUPERIORA IDA","3167","181","3167"
"MAIPU MENDOZA ","1","MAIPU MENDOZA (P.MOLINA C.AGRARIAS)","3305","181","3305"
"182 V.CAST.MAIPU","0"," Maipú B° Canciller - Videla Castillo - Maipú (LOCAL)","1741","182","1741"
"182Mpu.Ba.Canc.VCast","1","Maipú Ba. Canciller - Videla Castillo - Maipu (LOCAL)","2891","182","2891"
"182 Mpu.Canc.V.C.Esc","1"," Maipú B° Canciller - Videla Castillo - Maipú (LOCAL) hasta la Escuela Bernardo Ortiz","2890","182","2890"
"182 V.CAST.MAIPU","0","Maipú B° Canciller - Videla Castillo - Maipú (LOCAL) hasta la Escuela Bernardo Orti","2892","182","2892"
"182MPU.V.CAST.CANC.","1","Maipú Videla Castillo B° Canciller- Maipú (LOCAL) ","1744","182","1744"
"182V.CASTILLO MAIPU","0","Maipú Videla Castillo B° Canciller- Maipú (LOCAL)","2895","182","2895"
"182MPU.V.C.CANC.ESC.","1","Maipú Videla Castillo B° Canciller- Maipú (LOCAL) hasta la Escuela Bernardo Ortiz","1746","182","1746"
"182V.CASTILLO MAIPU","0","Maipú Videla Castillo B° Canciller- Maipú (LOCAL) hasta la Escuela Bernardo Ortiz","1747","182","1747"
"182MAIPU V.CAST.MZA","1","182 MAIPU VIDELA CASTILLO MZA","3092","182","3092"
"182MAIPU V.CAST.MZA","0","182 MAIPU VIDELA CASTILLO MENDOZA","3093","182","3093"
"182 3ESQ.SUP.MPU.MZA","0","Tres Esquinas (Superior) Maipú Mendoza","1791","182","1791"
"182 MZA MPU 3ESQ.","1","182 MZA 3 ESQUINAS SUPERIORA DE VUELTA RIO MZA","3168","182","3168"
"182 3ESQUINAS MAIPU","0","Tres Esquinas Maipú","1793","182","1793"
"182MZA MPU SUP.3ESQ","1","182 MZA 3 ESQUINAS SUPERIORA DE IDA MAIPU","3171","182","3171"
"182MAIPU 3 ESQUINAS","1","Maipú - 3 Esquinas (x P.Molina) ","1794","182","1794"
"182 3ESQ.SUP.MPU.MZA","0","182 MAIPU 3 ESQUINAS X P.MOLINA (SUPERIORA DE VUELTA)REGRESA X CRUZ DE PIEDRA - MZA","3204","182","3204"
"182 3ESQ.X P.MOL.MPU","0","Tres Esquinas por Pedro Molina - Maipú","1797","182","1797"
"182MZA MPU SUP 3ESQ.","1","182 MZA TRES ESQUINAS POR PEDRO MOLINA (SUPERIORA DE IDA) MAIPU","3184","182","3184"
"182 3ESQPM.SUPMPUMZA","0","Tres Esquinas por Pedro Molina (Superiora) Maipú Mendoza","1799","182","1799"
"182 MZA 3ESQ.xP.MOL.","1","182 MENDOZA TRES EQUINAS POR P.MOLINA (SUPERIORA DE VTA) ","3185","182","3185"
"182 MZA MPU 3ESQ.","1","182 MENDOZA TRES ESQUINAS X P.MOLINA","3190","182","3190"
"182 3ESQ.P.M.MPUMZA","0","182 TRES ESQUINAS x P.MOLINA MENDOZA","3191","182","3191"
"182 MPU 3ESQ.xP.MOL","1","Maipú - Tres Esquinas por Pedro Molina","1802","182","1802"
"182 3ESQxP.M.MPU MZA","0","182 MAIPU TRES ESQUINAS POR P.MOLINA MZA","3193","182","3193"
"182MZA MPU.SUP3ESQPM","1","182 MENDOZA TRES ESQUINAS POR P.MOLINA (SUPERIORA DE IDA Y VUELTA)","3196","182","3196"
"182 3ESQPM.SUPMPUMZA","0","182 MENDOZA TRES ESQUINAS POR P.MOLINA (SUPERIORA DE IDA Y VUELTA)","3197","182","3197"
"182MZA MPU3ESQ.xPM","1","182 MENDOZA - TRES ESQUINAS POR P.MOLINA HASTA RIO MZA","3199","182","3199"
"182 3ESQ.MPU MZA","0","182 MENDOZA TRES ESQUINAS X P.MOLINA HASTA RIO MZA","3201","182","3201"
"182 MZA MPU SUP REC.","1","182 MENDOZA RECOARO (SUPERIORA DE IDA)","3202","182","3202"
"182 REC.MPU.MZA","0","182 MENDOZA RECOARO (SUPERIORA DE IDA)","3207","182","3207"
"182 MZA MPU SUP.REC.","1","182 MENDOZA RECOARO (SUPERIORA DE IDA)- MAIPU","3209","182","3209"
"182 RECOARO MAIPU","0","182 MENDOZA RECOARO (SUPERIORA DE IDA) - MAIPU","3210","182","3210"
"182 REC.SUP.MPU MZA","0","182 MEDOZA RECOARO (SUPERIORA DE VUELTA)","3173","182","3173"
"182 MZA MPU REC.","1","182 MENDOZA RECOARO (SUPERIORA DE IDA)","3235","182","3235"
"182 MAIPU RECOARO","1","Maipú - Recoaro","1813","182","1813"
"182 REC.SUP.MPU MZA","0","182 MAIPU RECOARO (SUPERIORA DE VTA) MENDOZA","3216","182","3216"
"182 REC.SUP.MPU.MZA","1","182 RECOARO MENDOZA(SUPERIORA)","3217","182","3217"
"182 MPU RECOARO","1","182 MAIPU RECOARO MENDOZA","3218","182","3218"
"182 REC.MPU.MZA","0","182 MAIPU RECOARO - MENDOZA","3219","182","3219"
"182MZAMPU SUP.C.P.  ","1","182 MENDOZA CRUZ DE PIEDRA(SUPERIORA DE IDA)MAIPU (OZAMIS Y V.ARANDA)","3220","182","3220"
"182 C.PIEDRA MPU","0","182 MENDOZA CRUZ DE PIEDRA (SUPERIORA DE IDA)MAIPU (HASTA OZAMIS Y V.ARANDA)","3224","182","3224"
"182MZA.MPU SUP.C.P.","1","182 MENDOZA CRUZ DE PIEDRA (SUPERIORA DE IDA)MAIPU (HASTA V.ARANDA Y MAZA","3225","182","3225"
"182C.DE PIEDRA MPU","0","182 MENDOZA CRUZ DE PIEDRA (SUPERIORA DE IDA) MAIPU (HASTA V.ARANDA Y MAZA)","3227","182","3227"
"182 MZA MPU SUP.C.P.","1","182 MENDOZA CRUZ DE PIEDRA (SUPERIORA IDA Y VUELTA)","3228","182","3228"
"182 C.P.SUP.MPU MZA","0","182 MENDOZA CRUZ DE PIEDRA (SUPERIORA IDA Y VUELTA) ","3229","182","3229"
"182 MZA MPU SUP.CH.","1","182 MENDOZA CHACHINGO POR RUSSELL (SUPERIORA IDA Y VUELTA)","3230","182","3230"
"182CHRUSS.SUP.MPUMZA","0","182 MENDOZA CHACHINGO POR RUSSELL (SUPERIORA DE IDA Y VUELTA)","3231","182","3231"
"182 MPU CHACH.","1","182 MAIPU CHACHINGO POR RUSSELL - MENDOZA","3232","182","3232"
"182CH.RUSS.MPU MZA","0","182 MAIPU CHACHINGO POR RUSSELL MENDOZA","3234","182","3234"
"182MZA MPU RUSS.CHA","1","182 MENDOZA CHACHINGO POR RUSSELL (SUPERIORA DE VUELTA)","3236","182","3236"
"182CHRUSS.SUP.MPUMZA","0","182 MENDOZA CHACHINGO POR RUSSELL (SUPERIORA DE VUELTA )","3237","182","3237"
"182 CHACH.RUSS.MAIPU","0","Chachingo por Russell - Maipú","1832","182","1832"
"182MZA MPUSUP.RUSSCH","1","182 MENDOZA CHACHINGO POR RUSSELL (SUPERIORA DE IDA)- MAIPU","3238","182","3238"
"182 MZA MAIPU","1","182 MENDOZA MAIPU (CHACHINGO)","3239","182","3239"
"182MZA MPUCHACH.URQ.","1","182 MENDOZA CHACHINGO POR URQUIZA PARAISO POR RUTA 60 MENDOZA","3240","182","3240"
"182CHACH.URQ.MPUMZA","0","182 MENDOZA CHACHINGO POR URQUIZA PARAISO RUTA 60 MENDOZA","3241","182","3241"
"182CHACHINGO URQ.MPU","0","Chachingo por Urquiza Paraíso Ruta 60 - Maipú","1837","182","1837"
"182MZAMPU CHACH.URQ.","1","182 MENDOZA CHACHINGO POR URQUIZA PARAISO RUTA 60 MAIPU","3242","182","3242"
"182MAIPU CHACH.URQ.","1","Maipú - Chachingo por Urquiza","1838","182","1838"
"182MZA MPUSUP3E.LUNL","1","182 MENDOZA LUNLUNTA POR EL BAJO (SUPERIORA IDA Y VUELTA)","3243","182","3243"
"182LUNL.3E.SUPMPUMZA","0","182 MENDOZA LUNLUNTA POR EL BAJO (SUPERIORA IDA Y VUELTA)","3244","182","3244"
"182MZA MAIP.SUP.LUNL","1","182 MENDOZA LUNLUNTA POR EL BAJO REGRESA POR EL ALTO (SUPERIORA DE IDA Y VUELTA)","3245","182","3245"
"182LUNL.SUP.MAIP.MZA","0","182 MENDOZA LUNLUNTA POR EL BAJO REGRESA POR EL ALTO (SUPERIORA DE IDA Y VUELTA)","3246","182","3246"
"182MZA MAIP.SUP.LUNL","1","182 MENDOZA LUNLUNTA POR EL BAJO REGRESA POR EL ALTO (SUPERIORA DE IDA) MAIPU","3248","182","3248"
"182 LUNLUNTA MAIPU","0","182 MENDOZA LUNLUNTA POR EL BAJO REGRESA POR EL ALTO (SUPERIORA DE IDA) MAIPU","3249","182","3249"
"182MZA MPU.SUP.LUNL.","1","182 MENDOZA LUNLUNTA POR EL ALTO REGRESA POR EL BAJO (SUPERIORA DE IDA)","3250","182","3250"
"182 LUNL.MAIPU MZA","0","182 MENDOZA LUNLUNTA POR EL ALTO REGRESAPOR EL BAJO (SUPERIORA DE IDA)","3251","182","3251"
"182MZA MAIP.SUP.LUNL","1","182 MENDOZA LUNLUNTA POR EL ALTO REGRESA POR EL BAJO (SUPERIORA DE IDA Y VUELTA)","3252","182","3252"
"182LUNL.SUP.MAIP.MZA","0","182 MENDOZA LUNLUNTA POR EL ALTO REGRESA POR EL BAJO (SUPERIORA DE IDA Y VUELTA)","3253","182","3253"
"182 MAIPU LUNLUNTA","1","182 MAIPU LUNLUNTA POR EL ALTO REGRESA POR EL BAJO (SUPERIORA DE VUELTA )MENDOZA","3254","182","3254"
"182LUNL.SUP.MAIP.MZA","0","182 MAIPU LUNLUNTA POR EL ALTO REGRESA POR EL BAJO (SUPERIORA DE VUELTA)MENDOZA","3261","182","3261"
"182 MZA MAIPU LUNL.","1","182 MENDOZA LUNLUNTA POR EL ALTO REGRESA POR EL BAJO","3263","182","3263"
"182 LUNL.MAIPU MZA","0","182 MENDOZA LUNLUNTA POR EL ALTO REGRESA POR EL BAJO","3265","182","3265"
"182MZA MPU.3ESQ.PMOL","1","Mendoza - Maipú - Tres Esquina por Pedro Molina","3289","182","3289"
"182 3ESQ.PMOLINA MPU","0"," Tres Esquina por Pedro Molina Maipú","3290","182","3290"
"182 MAIP.C.DE PIEDRA","1","Maipú - Cruz de Piedra hasta Videla Aranda y Maza","1884","182","1884"
"182C.P.SUP.MPUMZA","0","Cruz de Piedra - (Superiora) Maipú -  Mza","3291","182","3291"
"182 MAIPU CHACHINGO","1","Maipú - Chachingo por Russell ","3292","182","3292"
"182CHRUSS.SUP.MPUMZA","0","Chachingo por Russell - Maipú - (Superiora) Mendoza","3293","182","3293"
"182REC.LUNL.S.MPUMZA","0","Recoaro Lunlunta por el Bajo - Maipú(Superiora)- Mendoza","3295","182","3295"
"182MZA MPU.S.3E.LUNL","1"," Mendoza - Maipú(Superiora) - Tres Esquinas por Pedro Molina - Lunlunta ","3296","182","3296"
"182 LUNLUNTA MAIPU","0","Lunlunta Maipú","3297","182","3297"
"182MZA MAIP.SUP.LUNL","1","Mendoza - Maipú(Superiora) - Lunlunta por el Bajo regresa por el Alto ","3300","182","3300"
"182 LUNL.MAIPU MZA","0","Lunlunta - Maipú - Mendoza","3301","182","3301"
"183MZA MPU.BARRANCAS","1"," Mendoza - Maipú - Barrancas por el Alto ida y Vuelta","1856","183","1856"
"183 BARR.ALT.MPU.MZA","0","Barrancas por el Alto - Maipú - Mendoza","1857","183","1857"
"183MZA MPU.SUP.BAR.A","1","183 MENDOZA BARRANCAS POR EL ALTO Y VUELTA","3268","183","3268"
"183BARR.A.SUP.MPUMZA","0","183 MENDOZA BARRANCAS POR EL ALTO IDA Y VUELTA (SUPERIORA DE IDA)","3270","183","3270"
"183MZA MAP.BARR.ALT","1","183 MENDOZA BARRANCAS POR EL ALTO IDA Y VUELTA (SUPERIORA DE VUELTA)","3271","183","3271"
"183BARR.A.SUP.MPUMZA","0","183 MENDOZA BARRANCAS POR EL ALTO IDA Y VUELTA (SUPERIORA DE VUELTA)","3272","183","3272"
"183MZA MAIP.BARR.ALT","1","183 MENDOZA BARRANCAS POR EL ALTO REGRESA POR EL CARRIL (SUPERIORA DE VUELTA)","3273","183","3273"
"183BARR.C.SUP.MPUMZA","0","183 MENDOZA BARRANCAS POR EL ALTO REGRESA POR EL CARRIL (SUPERIORA DE VUELTA)","3275","183","3275"
"183MAIPU BARR.CARRIL","1","Maipú - Barrancas por el carril ","1865","183","1865"
"183BARR.ALT.MAIP.MZA","0","183 MAIPU BARRANCAS POR EL CARRIL REGRESA POR EL ALTO MENDOZA","3277","183","3277"
"183MPU.R.60 BARR.ALT","1","Maipú - Ruta N° 60 - Barrancas por el alto","1867","183","1867"
"183BARRC.R60 MPU.MZA","0","Barrancas por el carril - Ruta N° 60 - (Superiora)Maipú  Mendoza","3279","183","3279"
"183MZA BARR.xURQ.ALT","1","Mendoza - Maipú - Barrancas por Urquiza por el Alto ","3280","183","3280"
"183BARRxURQ.A.MPUMZA","0","Barrancas por Urquiza - por el Alto - Maipú - Mendoza","3283","183","3283"
"183MPU BARR.URQ.CARR","1","Maipú - Barrancas por Urquiza por el Carril ","1872","183","1872"
"183BARRxURQ.A.MPUMZA","0","Barrancas por Urquiza Regresa por el Alto - Maipú - Mendoza","3284","183","3284"
"183BARR.URQ.CARR.MPU","0","Barrancas por Urquiza por el Carril - Maipú","1876","183","1876"
"183MZA MPU.BAR.URQ.A","1","Mendoza - Maipú - Barrancas por Urquiza por el Alto ","3285","183","3285"
"183BARR x CARRIL.MPU","0","Barrancas por el Carril - Russell - Maipú","1878","183","1878"
"183MZA MPU.BARRURQ.A","1","Mendoza - Maipú - Barrancas por Urquiza por el Alto","3286","183","3286"
"MAIPU MZA(BARR.)","1","NULL","2964","183","2964"
"183MZA MPU.BAR.URQ.A","1","Mendoza - Maipú - Barrancas por Urquiza por el Alto","3287","183","3287"
"183BARR.URQ.ALT.MPU","0","Barrancas por Urquiza por el Alto - Maipú","3288","183","3288"
"183BARR.A.SUP.MPUMZA","0","Barrancas por el Alto - Maipú(Superiora) - Mendoza","3299","183","3299"
"183MZA MPU.SUP.BARR","1","Mendoza - Maipú (Superiora) - Barranca por el Alto","3313","183","3313"
"183MPU.BARR.URQ.CARR","1","183MPU.BARR.URQ.CARR","1894","183","1894"
"183BARRxURQ.C.MPUMZA","0","183MPU.BARR.URQ.CARR","2911","183","2911"
"183 MAIPU BARR. ALT","1","Maipú Barrancas por el alto","1900","183","1900"
"183 BARR.ALT.MAIPU","0","183 MAIPÚ BARRANCAS MAIPÚ  ","3367","183","3367"
"183MPU BARR.ESC.C.P.","1","183 MAIPU BARRANCAS MAIPU (ESC.CRUZ DE PIEDRA)","3311","183","3311"
"183 BARRANCAS MAIPU","0","183 MAIPU BARRANCAS MAIPU ESC.CRUZ DE PIEDRA","3312","183","3312"
"184 MZA MAIP.JUN.","1","Mendoza Junín Mendoza (x Maipú)","1748","184","1748"
"184 JUNIN MAIPU MZA","0","Mendoza Junín Mendoza (x Maipú)","1749","184","1749"
"184 MAIPU JUNIN","1","Maipú -Junín - Maipú - Mendoza","2965","184","2965"
"184 JUNIN MAIPU MZA","0","JUNIN MAIPU MENDOZA","2969","184","2969"
"184 Maipú - Mendoza","1","Maipú - Mendoza","2970","184","2970"
"184 MENDOZA MAIPU","1","MENDOZA MAIPU","2971","184","2971"
"185ST.BLANC.ORTG.MPU","0","Santa Blanca El Paraíso por Gutiérrez - Ortega - Maipú ","1755","185","1755"
"185 MPU.ORT.ST.BLANC","1","Maipú Gutiérrez Ortega Santa Blanca El Paraíso","3352","185","3352"
"A21A R.CRUZ X NAC.","1","A21 RODEO DE LA CRUZ POR NACIONAL","2530","A21","2530"
"A21A R.CRUZ X NAC.","0","A21A R.CRUZ X NAC.","2677","A21","2677"
"A21A R.CRUZ X NAC.PI","0","A21 RODEO DE LA CRUZ X NACIONAL-PICCIONE","2534","A21","2534"
"A21A R.CRUZ X NAC.PI","1","A21 RODEO DE LA CRUZ X NACIONAL","2852","A21","2852"
"A21B R.CRUZ X NAC.","0","A21 RODEO DE LA CRUZ X NACIONAL SHOPPING","2535","A21","2535"
"A21B R.CRUZ X NAC.","1","A21 R. DE LA CRUZ X NACIONAL SHOPPING","2698","A21","2698"
"A21B R.CRUZ X NAC.SH","1","A21 R.DE LA CRUZ X NAC. SHOPPING","2699","A21","2699"
"A21B R.CRUZ X NAC.SH","0","A21 RODEO DE LA CRUZ SHOPPING DE IDA","2984","A21","2984"
"A22A CORR.X NAC.MIL.","1","A22 CORRALITOS X NACIONAL MILAGROS","2756","A22","2756"
"A22A CORR.X NAC MIL.","0","A22A CORR.X NAC.MIL.","2757","A22","2757"
"A22B CORRxNAC.S.VTE","1","A 22 CORRALITOS X NACIONAL MILAGROS SAN VICENTE ","2758","A22","2758"
" A22B CORRxNAC.S.VTE","0","A22 CORRALITOS X NACIONAL MILAGROS SAN VICENTE","2759","A22","2759"
"A22C CORRxNAC.MALV.","1","A22 CORRALITOS X NACIONAL MALVINAS GRILLI","2760","A22","2760"
"A22C CORRxNAC.MALV.","0","A22 CORRALÑITOS X NACIONAL MALVINAS GRILLI","2761","A22","2761"
"A22D CORR.FERRARI","1","A22 CORRALITOS X NACIONAL FERRARI","2762","A22","2762"
"A22D CORR FERRARI","0","A22 CORRALITOS X NACIONAL FERRARI","2763","A22","2763"
"A22E CORR.VIOLETAS","1","A22 CORRALITOS POR ACC.ESTE VIOLETAS X PONCE","2764","A22","2764"
"A22E CORR VIOLET","0","A22 CORRALITOS X ACC. ESTE VIOLETAS X PONCE","2765","A22","2765"
"A22F CORR.X NAC.","1","A22F CORR.X NAC.","2766","A22","2766"
"A22F CORR.X NAC.","0","A22 CORRALITOS X NACIONAL ","2767","A22","2767"
"A22C CORRxNAC.MALV.","1","A22 CORRALITOS X NACIONAL GRILLI MALVINAS","2769","A22","2769"
"A22C CORRxNAC.MALV.","0","A22 CORRALITOS X NACIONAL GRILLI MALVINAS VTA X SALCEDO","2770","A22","2770"
"A22A CORR.X NAC. ","1","A22A CORR.X NAC. ","3099","A22","3099"
"A22A CORR X NAC","0","A22 CORRALITOS MILAGROS VEA SALCEDO","3100","A22","3100"
" A22B CORRxNAC.S.VTE","1","A22 CORRALITOS X NACIONAL SAN VICENTE","2774","A22","2774"
"A22B CORRxNAC S VTE","0","A22 CORRALITOS X NAC. SAN VICENTE","2775","A22","2775"
"A22C CORRxNAC.MALV.","1","A22 CORRALITOS X NACIONAL MALVINAS","2776","A22","2776"
"A22C CORRxNAC.MALV.","0","A22 CORRALITOS X NACIONAL MALVINAS","2777","A22","2777"
"A22E CORR.VIOLETAS","1","A22 CORRALITOS X NACIONAL ","2778","A22","2778"
"A22E CORR.VIOLETAS","0","A22 CORRALITOS X NACIONAL REG. KM 11 SALCEDO","2779","A22","2779"
"A22F CORR.X NAC.MVA.","1","A22 CORRALITOS X NACIONAL MILAGROS MALVINAS","2780","A22","2780"
"A22F CORR.X NAC.MVA.","0","A22 CORRALITOS MILAGROS MALVINAS","2781","A22","2781"
"A22A CORR.X NAC. ","1","A22A CORR.X NAC.","2782","A22","2782"
"A22A CORR.X NAC. ","0","A22 CORRALITOS X NACIONAL MILAGROS VEA","2783","A22","2783"
"A22E CORR.VIOLETAS","1","A22 CORRALITOS X ACC. ESTE VIOLETAS X TIRASSO","2784","A22","2784"
"A22E CORR.VIOLETAS","0","A22 CORRALITOS X ACC. ESTE VIOLETAS TIRASSO","2785","A22","2785"
"A22G CORR.GRILLI/Mil","1","A22 CORRALITOS X NACIONAL GRILLI","2786","A22","2786"
"A22G CORR.GRILLI/Mil","0","A22 CORRALITOS X NACIONAL GRILLI ","2787","A22","2787"
"A22G CORR.GRILLI/Mil","0","A22 CORRALITOS MILAGROS VEA REGRESA SALCEDO","3102","A22","3102"
"A22G CORR.GRILLI/Mil","1","A22 CORRALITOS MILAGROS VEA","3103","A22","3103"
"A22D CORR.FERRARI","1","A22 CORRALITOS X NACIONAL SALE FERRARI","2790","A22","2790"
"A22D CORR.FERRARI","0","A22 CORRALITOS POR NACIONAL MILAGROS VEA","3105","A22","3105"
"A22B CORRxNAC.S.VTE","1","A22 CORRALITOS POR NACIONAL FERRARI MILAGROS VEA REGRESA RODEO SALCEDO","3107","A22","3107"
"A22B CORRxNC S.VTE","0","A22 CORRALITOS POR NACIONAL FERRARI MILAGROS VEA REGRESA RODEO SALCEDO","3108","A22","3108"
"A22D CORR.FERRARI","0","A22 CORRALITOS X NACIONAL FERRERI","2796","A22","2796"
"A22D CORR.FERRARI","1","A22CORRALITOS POR NACIONAL FERRARI MILAGROS RODEO","3109","A22","3109"
"A23 SAN JAV NAC","1","B23 B° SANTA ANA SAN JAVIER X NACIONAL","2713","A23","2713"
"A23 SAN JAV NAC","0","A23 B°SANTA ANA SAN JAVIER X NAC.","2714","A23","2714"
"A23 SAN JAV Nac/CGob","0","A23 B° SANTA ANA SAN JAVIER X NAC. C.GOB","2717","A23","2717"
"A23 SAN JAV Nac/CGob","1","A23 B° SANTA ANA SAN JAVIER CASA DE GOBIERNO","3028","A23","3028"
"A23 SAN JAV Nac/CGob","0","A23 B° SANTA ANA B° SAN JAVIER CASA DE GOBIERNO IDA","3031","A23","3031"
"A24 PRIMAVERA X NAC.","0","A24 PRIMAVERA POR NACIONAL","3079","A24","3079"
"A24 PRIMAV.X NAC.","1","A24 PRIMAVERA POR NACIONAL","3081","A24","3081"
"A25 Escorihuela","1","A25 B° ESCORIHUELA X NACIONAL","2748","A25","2748"
"A25 Escorihuela","0","A25 B° ESCORIHUELA X NACIONAL R.DE LA CRUZ","2749","A25","2749"
"A25 Escorihuela","0","A25 B° ESCORIHUELA X NAC.C.GOBIERNO","2751","A25","2751"
"A25 Escorihuela  ","1","A25 B° ESCORIHUELA X NACIONAL CASA DE GOBIERNO","2907","A25","2907"
"A25 Escorihuela","1","A25 B°ESCORIHUELA PARQUE DE DESCANSO","2987","A25","2987"
"A25 ESCORIHUELA","0","A25 B° ESCORIHUELA X NACIONAL PARQUE DE DESCANSO","2988","A25","2988"
"A27 COLONIA SEGOVIA","1","A27 COLONIA SEGOVIA X G. CRUZ","2744","A27","2744"
"A27 COLONIA SEGOVIA","0","A27 COLONIA SEGOVIA R.DE LA CRUZ X G.CRUZ","2745","A27","2745"
"A28 R.CRUZ C.BOMBAL","0","A 28 COLONIA BOMBAL MENDOZA","3042","A28","3042"
"A28 R.CRUZ C.BOMBAL","1","A28 COLONIA BOMBAL POR NACIONAL","3043","A28","3043"
"A29 PEDREGAL X NAC.","1","A 29 PEDREGAL X NACIONAL","2731","A29","2731"
"A29 PEDREGAL X NAC. ","0","A 29 PEDREGAL R. DE LA CRUZ","2732","A29","2732"
"B21 R.CRUZ X G.CRUZ","1","B21 MZA.R.DE LA CRUZ","2701","B21","2701"
"B21 R CRUZ X G CRUZ","1","B21 R. CRUZ MENDOZA PQUE. DESCANSO","2702","B21","2702"
"B21 R.CRUZ X G.CRUZ","1","B21 R. CRUZ X G. CRUZ SANTA RITA","2704","B21","2704"
"B22A CORR. KM 14","1","B 22 CORRALITOS X G","2797","B22","2797"
"B22A CORR.KM 14","0","B22 CORRALITOS X G. CRUZ KM 14","2798","B22","2798"
"B22A CORR.KM 14  ","1","B22A CORRALITOS X G. CRUZ KM 14 MILAGROS MALVINAS","2800","B22","2800"
"B22A CORR.KM 14","0","B22A CORRALITOS KM 14 MILAGROS MALVINAS","2801","B22","2801"
"B22A CORR. X G.CRUZ","0","B22 CORRALITOS X GODOY CRUZ","2825","B22","2825"
"B22 CORR.X G.CRUZ","1","B22A CORRALITOS POR CARRIL GODOY CRUZ","3214","B22","3214"
"B22B CORR.X G.CRUZ","1","B22B CORRALITOS X GODOY CRUZ MALVINAS","2827","B22","2827"
"B22B V.NUEVA CORR.","0","B22B CORRALITOS POR GODOY CRUZ","3112","B22","3112"
"B22B CORR.X G.CRUZ","1","B22B CORRALITOS X G. CRUZ MILAGROS","2829","B22","2829"
"B22B V.NUEVA CORR.","0","B22B CORRALITOS X G.CRUZ MILAGROS","2830","B22","2830"
"B22B CORR.KM 14","1","B22B CORRALITOS X G. CRUZ KM 14 SAN VICENTE","2831","B22","2831"
"B22B  CORR.KM14","0","B22B CORRALITOS X G.CRUZ KM 14 SAN VICENTE","2832","B22","2832"
"B22C CORR.X G.CRUZ","1","B22 CORRALITOS X GODOY CRUZ MILAGROS VEA SALCEDO","2833","B22","2833"
"B22C V.NUEVA CORR.","0","B22C CORRALITOS X GODOY CRUZ MILAGROS VEA SALCEDO","2834","B22","2834"
"B22C CORR.KM 14","1","B22C CORRALITOS KM 14 VTA. RODEO","2835","B22","2835"
"B22C V.NUEVA CORR","0","B22C CORRALITOS X GODOY CRUZ SALCEDO","2836","B22","2836"
"B22C CORR.X G.CRUZ","1","B22C CORRALITOS X GODOY CRUZ MALVINAS SAN VICENTE","2837","B22","2837"
"B22C V.NUEVA CORR.","0","B22C  CORRALITOS X G.CRUZ MALVINAS SAN VICENTE","2838","B22","2838"
"B22D CORR.KM14","1","B22 CORRALITOS X G.CRUZKM 14 GRILLI SAN VICENTE ","2841","B22","2841"
"B22D V.NUEVA CORR.","0","B22D CORRALITOS X G.CRUZ GRILLI SAN VICENTE","2842","B22","2842"
"B22D CORR.KM14 MIL.","1","B22D CORRALITOS X GODOY CRUZ KM 14 MILAGROS","2843","B22","2843"
"B22D V.N CORR KM 14","0","B22D CORRALITOS X GODOY CRUZ KM 14 MILAGROS","2844","B22","2844"
"B22E CORR.X G.CRUZ","1","B22E CORRALITOS X GODOY CRUZ GRILLI","2846","B22","2846"
"B22E V N CORR.","0","B22 CORRALITOS X GPDOY CRUZ GRILLI","2847","B22","2847"
"B22E CORR.X G.CRUZ","1","B22E CORRALITOS X GODOY CRUZ MILAGROS VEA","2850","B22","2850"
"B22E V.NUEVA CORR.","0","B22E CORRALITOS POR GODOY CRUZ MILAGROS VEA DE IDA ","3117","B22","3117"
"B23 STA.ANA X G.CRUZ","1","B23 B STA ANA X G.CRUZ","2709","B23","2709"
"B23 STA.ANA X G.CRUZ","0","B23 VILLA NUEVA R. DE LA CRUZ","2710","B23","2710"
"B23 B S.ANA C.GOB","1","B23 B SANTA ANA X GODOY CRUZ CASA DE GOBIERNO","2985","B23","2985"
"B23 V.NUEVA R.CRUZ","0","B23 B SANTA ANA X GODOY CRUZ CASA DE GOBIERNO ","2986","B23","2986"
"A24 PRIMAV.X G.CRUZ","1","A24 PRIMAVERA X GODOY CRUZ","2845","B24","2845"
"B24 PRIMAV.X G.CRUZ","0","B24PRIMAVERA POR GODOY CRUZ","3098","B24","3098"
"B25 B.NUEVA X G.CRUZ","1","B25 BUENA NUEVA X G.CRUZ ","2726","B25","2726"
"B25 V.NUEVA R. CRUZ ","0","B25 BUENA NUEVA X G. CRUZ ","2727","B25","2727"
"B25 B.NUEVA C.GOB","1","B25 BUENA NUEVA POR GODOY CRUZ CASA DE GOBIERNO ","3122","B25","3122"
"B23 B.NUEVA C.GOB","0","B25 BUENA NUEVA POR GODOY CRUZ","3123","B25","3123"
"B26A PARAGUAY","1","B26A B PARAGUAY X G. CRUZ","2733","B26","2733"
"B26A PARAGUAY ","0","B26A B PARAGUAY","2734","B26","2734"
"B26A PARAGUAY ROCA","0","B26A B PARAGUAY POR GODOY CRUZ ROCA ","2989","B26","2989"
"B26A PARAGUAY ROCA","1","B26A B PARAGUAY X GODOY CRUZ ROCA","2992","B26","2992"
"B26A PAR. PALMERAS","1","B26 B PARAGUAY PALMERAS","2993","B26","2993"
"B26A PAR.PALMERAS","0","B26 B PARAGUAY PALM. ","2997","B26","2997"
"B26B PARAGUAY NOTTI","1","B26B B PARAGUAY X NAC. HTAL. NOTTI","2740","B26","2740"
"B26B PARAGUAY NOTTI","0","B26B PARAGUAY NOTTI","3372","B26","3372"
"B26B PARAGUAY MUNIC.","1","B26 B PARAGUAY POR GODOY CRUZ MUNICIPAL","3010","B26","3010"
"B26B PARAGUAY MUNIC.","0","B26B PARAGUAY MUNICIPAL","3366","B26","3366"
"B27 ESCOR.X G.CRUZ","1","B27 B ESCORIHUELA X G. CRUZ","2754","B27","2754"
"B27 ESCOR.X G.CRUZ","0","B27 B ESCORIHUELA X G.CRUZ","2755","B27","2755"
"MTM001 Mdz Gutz","0","NULL","1602","MTM","1602"
"MTM 001 Gutz Mdz","1","NULL","3370","MTM","3370"
"S.D MAIPU MENDOZA","1","Servicio Diferencial Maipú - Mendoza","1726","D138","1726"
"S.D MENDOZA MAIPU","0","Servicio Diferencial Mendoza - Maipú ","1727","D138","1727"
"SD 3 ESQ.MAIP.MZA","1","Servicio Diferencial - Tres Esquinas - Mendoza - Maipú","1728","D139","1728"
"SD MENDOZA MAIPU","0","Servicio Diferencial Mendoza - Maipú","2725","D139","2725"
"SD MAIPU MENDOZA","1","Servicio Diferencial - Maipú - Mendoza - Tres Esquinas","2730","D140","2730"
"SD MZA MAIPU 3ESQ.","0","Servicio Diferencial Mendoza - Maipú - Tres Esquinas","2736","D140","2736"
"SD RECOARO MAIP.MZA","1","Servicio Diferencial Recoaro - Mendoza Maipú","2854","D141","2854"
"SD MENDOZA MAIPU","0","Servicio Diferencial Recoaro - Mendoza Maipú","2853","D141","2853"
"SD REC.CEM.MAIP.MZA","1","Servicio Diferencial Recoaro - Mendoza Maipú (Entrada Cementerio Oasis de Paz)","2856","D142","2856"
"SD MENDOZA MAIPU","0","Servicio Diferencial Mendoza Maipú","2857","D142","2857"
"SD MAIPU MENDOZA","1","Servicio Diferencial  Maipú - Mendoza","2858","D143","2858"
"SD MZA MAIP.RECOARO","0","Servicio Diferencial   Mendoza - Maipú - Recoaro","2859","D143","2859"
"SD MAIPU MENDOZA","1","Servicio Diferencial  Maipú - Mendoza - Recoaro - Entrada Cementerio Oasis de Paz","2860","D144","2860"
"SD MZA MAIP.REC.CEM.","0","Servicio Diferencial  Maipú - Mendoza - Recoaro - Entrada Cementerio Oasis de Paz","2861","D144","2861"
"T11 P.MOLINA-UNIMEV","1","NULL","3354","T11","3354"
"T11 UNIMEV-CENTRO","0","NULL","3359","T11","3359"
"T11 UNIMEV-P.MOLINA","1","NULL","3353","T11","3353"
"T11 P.MOL.CTRO.TERM","0","NULL","3358","T11","3358"
"p.m.-centro-unimev","0","NULL","3373","T11","3373"
"unimev-centro-p.m","1","NULL","3371","T11","3371"
"unimev-centro-p.m","1","NULL","3369","T11","3369"
"T12-Centro-Parque","1","NULL","1640","T12","1640"
"T12-Centro-VNueva","1","NULL","1638","T12","1638"
"T12-Centro-Dorrego","1","NULL","1642","T12","1642"
"T12-Cent-Pellegrini","1","NULL","1643","T12","1643"
"T12-GC-LH","1","NULL","1674","T12","1674"
"T12-UNC","1","NULL","1681","T12","1681"
